<?xml version="1.0" encoding="UTF-8"?>
<beans xmlns="http://www.springframework.org/schema/beans"
	xmlns:xsi="http://www.w3.org/2001/XMLSchema-instance" xmlns:context="http://www.springframework.org/schema/context"
	xmlns:aop="http://www.springframework.org/schema/aop" xmlns:tx="http://www.springframework.org/schema/tx"
	xsi:schemaLocation="
				http://www.springframework.org/schema/beans http://www.springframework.org/schema/beans/spring-beans-4.1.xsd
                http://www.springframework.org/schema/context http://www.springframework.org/schema/context/spring-context-4.1.xsd
                http://www.springframework.org/schema/aop http://www.springframework.org/schema/aop/spring-aop-4.1.xsd
                http://www.springframework.org/schema/tx http://www.springframework.org/schema/tx/spring-tx-4.1.xsd">

	<tx:annotation-driven transaction-manager="transactionManager" />

	<bean id="dataSource"
		class="org.springframework.jdbc.datasource.DriverManagerDataSource">
		<property name="driverClassName" value="org.apache.derby.jdbc.EmbeddedDriver" />
   <property name="url" value="jdbc:derby:target/database/collabo_decision;create=true" />
  	<!--	<property name="url" value="jdbc:derby:target/database/collabo_decision" />  -->
	<property name="username" value="app" />
		<property name="password" value="app" />
	</bean>
	<bean id="sessionFactory"
		class="org.springframework.orm.hibernate4.LocalSessionFactoryBean">
		<property name="dataSource" ref="dataSource" />
		<property name="packagesToScan"
			value="collabodecision.webservice.persistence.domain" />
		<property name="hibernateProperties">
			<props>
				<!-- <prop key="hibernate.show_sql">true</prop> <prop key="hibernate.format_sql">true</prop> -->
				<prop key="dialect">org.hibernate.dialect.DerbyTenSevenDialect</prop>
 				<prop key="hibernate.hbm2ddl.auto">create</prop>
			</props>
		</property>
	</bean>

	<bean id="transactionManager"
		class="org.springframework.orm.hibernate4.HibernateTransactionManager">
		<property name="sessionFactory" ref="sessionFactory" />
	</bean>

</beans>