INSERT INTO `User` (`idUser`, `forename`, `mail`, `password`, `surname`) VALUES (238, 'atnsxVCSUcQsNvlgjxMvJPbtEKqEejQEclIDxAHMxzpHNXMnLDNSfDGNQnXJQZMGDQdGOkhbKywThjPAMHFNZtDikJyTOSTarNkMFcezYLJGsYZrXsoBRSFFddykcKAbQZVAwzbcluNlZrsbynwDHwoEGIrbsGyqFwapZFbPayTCcmchSqnnPlVpMfnDrZQmZErymeslKGQEgZvVdjkHPgWmCsiaKbVOmdvzBHYnEjOJTVNmrwMCrpKuqglQLWf', 'IZBnPyOhRNmGbzsBzpcDIuSSUagWTBVWAUBMZmwZsnTirIdBDEJHSYKkAbtDEhKRELKNuZkTWDZQPOqCIBhDetazSzbfrAolbmztRoKHEsPmEXlQGqyGODAOQxnvGfSoUGUjDTdgtpgbPyZlPRtLxmSFQBiebsoZmdAUcpwBPnAePljKaEUYEnoCdIEVOZCvhBJtfkNJayZKyLeQhhEzkVkHOmhDhmqrrKTBnnIMNsaJGPZLlDMeBqCPisfdQzf', 'sjYSeKfjLNJPgtWCXwnGXDvFPikeXEXeYjgrHyitURFTdTpEqFiEPjahvEekWpExxGhLSgCpdYQTxtFmhcxJfRyestQaQTfCQKanynyEYhiTjVIhaGcRjrRLxQDwQjDfOdwosOaTKwHZDhVxwYpJVCTnFxOjpItNQThvlIkdjeIpeYRhSQgroISgaBJUVXLNQkTGHtwYtDOWQJFEpQHDzYDoEuszEwYFZGlQBufKsnOWbPSDgMBeieRvlsKjCla', 'jibTBTNrCYUhJjilroFWHXITkUMnONkQrsEiKKFvzRfxnXVEKNxXHOuLsBEHrbUkywEbhVZvKXBZhIpcEQSgcBzWMUYYbMifdjQtyDvwStUpCFnaKKqFWzAZFsEoJUKxkHfNxSEBZduniXLFgXjPlIxvHGbJBVaKgFierhXZDAIlXcisipWzLnotDPOBCSutyZjYDXeWJgmJAsRvlDuRGXJqEHGUzclrzOduUFLOeJbvQTayxxBzhDJenwfWODS'), (239, 'XWHSRlqInzsdvGDhTUnADZbYLBriNUAIBHDsEbqcoSGZEQbLQnIbyVEmUBiHZktnBlNwPlorssrnODBjgSasCmoQLKtNMxYlNzXaiTrdjVLqPAxCgvvhRZLefjPYbpBPhxfetHwjNKhPZKpeWANoeapkDvfYYXozeofGXHLfNrwlptTHywTpcSFGPPPrCWVdIAwqXuJDeinjkKTvCpOVrjGYWZsUumWSVgbpEVhpKylSEPtiaayPdtfhNVKunFF', 'tWTlTeYrmnyczgJegpbtxabfEYVGJCfjXOldmUeGCetyKdTOJyFSUoleXfkcfkTHCFGxxJWPGVygkaqYIFePvuxrsbMKDNUvNDjzevRfhTaygBDOuGMXyYXeAiHugKAnNZaUTuIFNhAeGBpUNBnWriocOdZKknNAKroiwmVwBYHEatkbVVokuyNGYOcbrgOMrDqQOaBuzIpBmCgHwQkYuLzbwiHYTjWoikAPUKMnDApoyOLNLCbwofUCLKntZXZ', 'cunjVsRdnUbQdFeTnGhcoOkwKNmyaoYPanbvyiEHaKVFGMGogilhldPJVCKqWepHNhxqQoGqWPKktZmZepMsfEZyHLthKLrezInKbrxpaGsGpAGteVoDZYisgCnwFQkXOBUBkvjyxdclQgKWKZzJtVIxLrNCTPoEvVVviuGTQfOxBCguTRRwVIIACykzJYhEJavDmsjKTSImJxytLgfuGQpTtIzfsclssYJMKSEhJPhSsgbTpOFGjkIdRtQTpIv', 'iFNoXbyJtdsmERAEPPViUrSRJjVdogOBPdeIJJJCjlXMNrjnhlQmqASvbaeCIZHHQUhuwHBcSUAfFFciyYRIsOYErSwNFkSxfmtjYQyWthHTRdaMNlXzqwnAhLsiiJCzjWhZLvyVzQIwcjgFDWybWuSkKvjoFntEyrIuPgwJhKJvSHdmRBHoQkAnpkvUusQyLMKAPSexJJrWWAAnFakjOsVrGtxbUgAGVwEcRuLlqFbhXsOvZZFXczNLqbihfTd'), (240, 'DJRJgvjEUNphCOLfaLVKwRbLSfLByqhHOAeXCSXjkbpnPePicxtopNpYEuwLQEZnZPkDpcCmnwkCPTAYoEFTNdAsIUeypwwbGxQqmPuJqkcEefLxEJbTzNQrOBwiWTSVSVFHEwyAWksvWftRiuyrDqJJwctsVtKysvLlyiDbylcYVCpBAjHrlVngWwfdoCdCgnNuYJXqinFskzxgqSrNQCgpqVABwSpFxQCVQVBXdqXUsqySpUJvcDRagACTlLn', 'cCnAJfVmvshgwuNDjPTXiRFaVfxVUckLbtipwiXllWEzKNaOcrUvsvAGcLnUBXGIKZgIxBAqQMlpkYsrcCzGhKWlcrSVcJsmevHqAzZOubgbqfPIsEpvKEFEIyKOslDgjLdebHkhaaOYwoqCNpyuQAddpmvuTIUBWknRfCnXqIcICqltKCnLBvQtklpjCaTotxofvSfezOGDOZKJazVUVkdkVDpKUKbOOlbRafgNdLslZWykSafCvXfJsWXCJTV', 'VuDQgokQCnYvfTcFrNvZxTMNcgLjlcLSvVPiVwyKYTotBfgTGFHazRBZsjdZbKqEjTuNBhaHjAyNvNYuGEbglNwQSHLLfJiPyLaXWWNVpYeDPQjcDacNctcsZrBdPDGPYIIaTawEkIckkRvykKKjgqGblSIPiahLUWlzGIhBMqnlQhwJMQJjyQCFsoSeOOMPApHPUreVQpteEPCcQoogoJeptlWQdnVAMBLESeYvtYYxKWOikPlBdxvBSqvTJdw', 'gJZRGicdkZITyTEeiaowWzmucatDCBZLPJvuTRGryidNGraLJuwQDZlrWsjyTKNpWSLgeoKAeXJtZwzzfbuSjeOiIpduuRWvbTvRCVqMzbLNqjWYTnNYUitAObyufPYphQiSlbHXCibddGcnyfqaHpNDqMfDdHjtkIwAGbDXWeilRtyoZfFsxWhAeLggtzTjMlxjQEJLhSnjIbMucehRNwwdJSNnPLpzdQkXCPsGpOdHMnbKyubauvZEZKbJgLq'), (241, 'LGumfDHvmrsOfOhDGUvfnsdyYwGPooJrlEhIjlAfQABCzMtgzcPwOxlwMmoBpHPVcLhwvxRYnUfzqhVQzUpQASUnvubOzshZnujKvjnvJkUSgrfPlLaMRtzmtCkoIurwDFXkIUaiupwGybmgkCRDznIoyBMNOVsYjzmUVLGXVJRnTFkHSZAnRYHvIaKIXxlZWqQqhAtfSSUbwvuORJXzPatdxEsywJVOufejxbqkwqYxCUEbJsfNpcNSJEZqsBq', 'FDkZwIeoHAgfyDPFazyJIaxvlQKEjmCjvUeJlMgKEZonEYhlwYwMGtmibHMlPpcmbpfhsnZBYsqVovRlLcICvKyexZKbCITQNnVpfhDhcolvWlwPUjlzzVDHqNbVKgHCTpLzjNRdfnBzfDrniAHDglSXrYodouXDpbAdPbxudQhYDucOgNHkSxEjaXZiUgWhrZNldOnIwnmCwcMslaQlBKXDyNmcaUOhuFWVrBYpZqOQCVMKKnmgIZxbMYJHTkK', 'ZIVZfxTGRBncoszevOLkPxYbKvRKZTqCTvZiglxEVZvnchDOczQPgLFZvLMvsxCuEVqRrUyQWRNWoxAnsxlnTIgFwmKOCnMUwtnteLdnmJLcDUluPJVdMipedIXvpGVcIRaaFhzpkZEwIBQIgizpNBxuQwHoKeuPQZyIROaXhanwWXcIAlQFNJXsBweDRKKYgaCtQhetMDnZOVQSKSMrszPMzsQvuMrPbTftMnQkXxfPmzSWNwZCAlbKpNPNPzM', 'PHCkUTEIKvjVwAPDDVfSKXokbGfyuYbOJtHvbXZqyesamtaoVKdEDFGkfquUlSPVOlkzCsIEVIrUOBzuBfCfVlcxRwyLseTmqvkHIpZZddJCuxgRmbhktydYvoDbRTvXtUbQfHnajFozHMYcWCdIkgyFhNsiBtnEIcBhbOxuDLXkJLHWBZOCNxSxXjZqaBJOOAghnDmTbUrCJTmJfLGCJQDBNpQJOrpzarwChxTlczSAEKZLfahRKOmUqChTYyd'), (242, 'lIzFQKBaHOroaTVjLkJxsrgqiULGQlEqFpKskXUzLhzlQolyURyMboufQZprvyxCUsSmxJjILsgoXkmTMdjZYUzbJyRdhNarxTzAxOBHBjiZWkQAnYygYLNscunMCMoMoBUnLZgJQPWONjZhlvRXOnETIFfnIOUfFRtvYzoSbTFhZZAxVvjnmhtjklMJbjcCWVfyklAgFGULnVxqqZnEOhGzrdCIqgZRVyUTWSzDDhbPdQDeWpCVXtyiNbvnwgw', 'oyLAPdhZTXhhRFCdPrTfuXkqdYIvntjMYWDCTqCHpyUzJUbgBFtmKXDEvdJSOSWcjkRYGtLBFUXXqJHeRDuZuQkFvMUPqIILNSTBfGAUxEZmQvATAMyvkiUJqrEdEYQZWYEBUzTACTmvOmbYTCBMvbujcKgEjuxUNmNmLkLOWSeLTHXfGBCTpyMrFmTjgNwowIfrnYyUJcbmCHJBWSbDIuilzHdBLldwBGUVCGNVXuuzkjEOBJgHPRlgdwHeOJp', 'DzpEhGUAzySHiXEatBvHWvlVwhEOHbPVVqYdRfoSjPNNqiuaUOMZNENcKvuLABdfFZdapsqeQOkcKbzpJpYOrlMQJUtLfTrQdEYprdDnTkTdByquTKypFvDmBvzmjaJPOzOILCjITGduYiqIDgNEtAJoHlajGaHaQLKyQYUYivAuykRIxXXixCrDNqtUaxuIfGIIsGelmyqDWXmQJcMYCnDJhAPiwSqYsEurBTcGEvywBYauxVbQVxbdkyJwfhh', 'PqsgrTYOGhQOClxFesbQJfgjbIhdiQgPqPzVulnbdxDLMKkkJxrNxRVDhxSBrmClNwugLTwKPUklpIlQSDUfSEUgdUyWnfxSOqwVhyKcBkfCUVplNpBsMRJKhfIVISVfzFmXASuThkqYVjBSPDykEcqKamBzMeHqImByZduKVZzscqnYGHwKTAzvbToQyQhXmlWgHiRzfomvQWQxyzoNaLzXfGVoybAJMcbawqjrFtwRtOEXWtibWIGbRQCGnIH'), (243, 'VYnRSISOvsFfhYHuwIRnSdbyXiCeRAGDYusZFsCdVSlnOfEqkdeupiYwAqaCPlASqJvhbxQRQxuCTULrfWEWReWfoBoXaJcCBLtGrDxRhbffjUivZgYcRiDdIlQgZCCyiOqcHDpkmBVHbroXXbiuEhvvIrKfqpwQBjFQvHshnrcwgLkRgCZzPUSzbEpvlhCNbHluvmRCjDzccheUlyhGndzjDIiXdaPMxMqLeoeswMjzlwPTUNGfPKKSxZigjAd', 'XbkIYikMBzlGrWaIBTjKFESuQONSNzyjZGztTypHEIkdDCngaTaKKkfnerhOgSWkEYSwcPFMhmBEKmTKwucQEuVHrALogRyAcigSRJnLGqPcFmjpQvpkspbVzaDAfySLJWarITyaqMlBWVGWZwszeaDYgtJfEEzrHjKGEgdAuiJZidRKEjqHRtUXTrUumoKwUCndYGeCGPoYclRJtmOwOvknFpHfAflTaqWlXXXBaWVYWwzaMXxkyNrDUfmypvx', 'lizfrQlrCMZiDAuCnmJFhQuHVnnFfgNPqLtaJuKOSKgHUpFXFfUDakVncOeTVneTvLjOzrGxARGsEEGahRMVUGJmSeytosMMlTESeeGfnHCFqLOiemdXEfDedjrrfPQXbeKqwlAuZZvueOYjBmhHYJvfPcafGBMWQhregTeLfmnShrerjsEtlrwCpTGEMQeMphGYTXONrpEYmXremHmndijbJCSsEqskhUrTArAPsSxuNKxZOgabMTeHSmNyidT', 'OXqGHbytjBdnqmDUhlFTFKTqKAYzwMfurtrmwAzPqaThlkPupumQgFAdjqndRBnRlTHudVDlxPRpoeXiRGMAhwfllAiVAZUmtCVMeXiQKuQErtZLTOVdKDCensslxdhvPSJNQrmNCNGsrlUoVdjatqDhkXvFyRCriRvwXsoKIkhzisKSovbSnsQcEUTAaUjxkORgJYPOFxUUwsopbxYgLYbQGNaUzGNPByeCxAstSyjpanUjKMbQdLSnFROofBc'), (244, 'MizQmqecJeuTPchBAoqQfjZxZlpFYxbMCzQlyHxLNKrlIblbqfXkUOwBGEqvtEIMaHZBVsxsttALExVoHqjyLtpBYfLszmPuZUvXHiAZRZqsKYFphMiVMsWGhbdcIyBrmhQTYxUbvHofKwGePUkIiysdvvkpbXtUOFVwDBNkhgomEWtQjqXrUjXLODndOkNAXyHizQxfVdyzcUJYXGEAuwOEKdmDwwXOgZJcsmRQudJTKlmsPqPVgAmUGOJaCOg', 'iCokCgUJyiHfDZvGuQnPhkYwRHtlYskRJzhJIlekQVpQekAeIPUgUUEHEIICuuRJmbLKvwsAYKCruckQEebURRlQBELwhxAYXevKcsBoiveCuzVvWyTYktnNVWExtcLWwznEfxUJCVNuPcmQnPeHSJPargfRNHLQnxcYLgpjKEcFBaBhxmtdygGTSQSxxIXYeyGyZyaSiDlDVeCtSLSpWSZXtielpbencZHZArlUIdrownJHRfxiMdoUuDqEhfc', 'SauyjBMzOZlzGVkQActKDXWzgbBmVdpjfeGXCVKkLipgiUpNoReObHzUuQXSmRGaUCESgszEhCcJNQOCONmNZeqglQgIowvHTewNHiDnlIBwUtkZCBslloxvfOWgfidumbpfFIrJuNcyfXdeYdHjCdvDGvrnuwFNQEagVhsluatLVcxvWOwJovnuLPUSUpsnkWyZKetzhDNoyhFZjUlzymTbZvUpEAlGKbrSwsidNHyRGBOPSawpnBdUzPtxrsr', 'UBDDFiEjwMKdMirjHFyDExmtLlMtzbtHiRMHdkaJKQWrCsghbjpCdlnZJgozBxgEQptQhzmXaAvDFGbhFSwvxIxsXLVrpouqeSDZrVBagBmfAzzxZITyZjJbyLMbSixpNxvUwzCDtSxvBlVDZqMZglXvQceoWMFhDUhRQGygfkMhEGCEUSujzeXAIZLcsXbrczjvaiJiACVSsvqCFZJUUXDWziUWUVDnWQBxRIxANEceALwHxDkhCcQnxEefImz'), (245, 'marBZQPQYfjMWLvmAhzRmVYxWIKIigjwwHPJftZBOlNaQMjuXRqAlyDvyOgnHOOsioffKImkdxCJyvORMFRmZcCgebrsQDhitOhdRbOSduPcFrTxEmWoqXBpIQoIqxTFKyeXzxzCeorzOXLBvkjOTyrNziOUHqFjvhtWqJzCkKDRpnTEUlMwiBocHhtNbDNIISVavqiIMvtYejXQafEzJperkgQcTQMJSHYDDvymrQewosZCAOTWMIjgoFwPuOO', 'xHsgLLBlXEKvQcjrUYlxbamYxREbLmONzhMXRZuytvsHcPLmUQavKXYSxsPMfwnvwnimhtSGAelSZPltMadvnjITNoVoCMRqCwZAyLFfTzKGFveGMSkZGfMdXNFdPLwFReUYhvdUkKnuabeGeIfVbolQYGzPlsPtStOqieacqzWzxvePmnDmmwqutHPrxPNkTtGnyBwlaDRtxSUeDbHVibWhpTccUCMnAvepxfKAyMalqLWELSoiMYFYSbNOmuH', 'mQpnccPTUsLaFwAjGLHxWvqjriyPexzRLVIxvCagHWzlfGOmApNvcPSKfxoKcianEndMmwigsqOvrIeAHIvUamYpEBIaGvKZAZqyIlbwhPNoOOCqERmQJlaMufhgoRwTsPBORvrFVJxmzTADfKSFwsFCdGKzwuaAvCsyThBkbvqmktzcrDBOXJjkoQuFVsBNapDfpWadMjRGlpdAjjjrBaDqnabCKWOMkDkcLWAmwQzUzpTPGobgGDKQrbmICWs', 'szaqgtjSuhXEgMjeyBaPThugULebiNlIxtrgkDcJakOyeuqmjbXNWAkWMLbmIMXVzmTvZBbGTcRVWhyIMSYcYuUcCFfZSmsYqfmDMgVxWXgxnILuqmmEsuuIGCQnFRVaCLcaLMNuIvixBvwwlwIOgozYevIEbbfBYmxJvFlGdETCzXpdcRSdMrsDtNtrCYURDkCAAOayabrpuYJafwtqBKctiFnZAHDtHLdKvlEpHegpxDcbkXkZvyqIbFgWVEB'), (246, 'jaSMbTQfjgjBJBKQsaEuXyVacbOebzSbbRvTWRwzuSqOJmuCwEimMqHckRtCPszgNNUAbvopsPbOYGMniObdAknabmfcUlCOFrFkLeXpcJRDBowpFQPrCwDXpvVSHjzsoappxQZvKjovRZywLOwVFbGJBNBGXEybvImYzDspbRUvdHIuCsGRwIErkloWiKcPpmQlrsCyrkuiIGuGkzpTbeOOXYKcoXfYqkhRyMHvlnJGGNlgxhJKebrDNmtmObX', 'BmszSubHvHoDhNZqRSSxvuGsITBFQlqSQNLqvdAFTSurWnzCeTFodyWneYrwQiPRfprxTUqgxsIJbisPnUKFtMNFsnZZydRvwNsahfBTxbImtJPwZXjhdVbGOhpolRNEoYSTIVzZpPJyJbpZLyUsiREknPHoFUIRHbWomnnyfKFIwbqTttZvrQPswrBoyIMGBEJwnXjmHNLNZqqgaYHoZBZiwagMxDbuJCDcPlryIzsEVfrnZRHApqpypDtQcMh', 'XlFSXQsTKrLxLNYzDZJLlfhWHupbdcTHoIvqdpuILyNwfhAtzghTrmsxrakLDuJGImddbpxZOSxypDETPspmcLhvlFJmmWohNhcJsKFWPsdlOoFhOAGcNhQGGhouUVlTCauWVGzxqshwFVhkBtJxZeepOjuHCigBiSLrwdelsiZiWrvsZmUbgdyBIIFnxjqjRHXmCVwVnrQokgexzdiVyAFuBYRUpFxiQwsWMXiPKNjOwjOUbyOkAdyMhDLtHLN', 'jRSyEBmhjyHWhECwycDUtYOTxKPDzSCyhtoQWyVvRJAYPafvARUBaEumtiYaCuPqeTyaVLYWdojCTLdrLBkEnDVHsYYCRbfLmblWJIxVxgBzgeVpWWDZWNWDTALXGgQoGVxfskKARPjSkTyGzJBEnzCHRljvoNSkJeCTJQiTfvlBhQkjqiuMfWwXGvEDirHpYFbvqOogeTwdKWcwOXVLIgBhvkiJkPzRfyiTJRCBbZtxzgMqPlSuDVoryANvjbc'), (247, 'orIIEUFyOMVwwZsQjpaqgvdQaVbooovFvAOgnBsHsXrAZggkpwXliEeTxeBtHmAuSGLVpNEbJSIzZsCFMXvpUlmJOeHmwHBRKPkynnrsQIsKeGCglGBWiaKhBkSbYvbrxPbzkiAFdRaYpfcbhyOqInnNEgdHUbrIkOVCCJPvyTswhhbOldCvDfzawePbobGVxStxYMhMmpcPLqfqQppSOBGptzPyKezaFHImLERSPCsSGNhPRlGveAqhtThBdAf', 'dAWyQVpfESyFvBdrccNnuwuFfbkkGvkGMZiwhhDdglevXnAKTQPTxrxjntVljYEowIdmrHIJStNzBnwFyKqtDGCSxwFJWwyybdNkSEYdOSxhjdymNKMBlWqGnHLCqyglvhqmmBSebNIdQYtoroGqkYdYJpCxQPSYasMcAcSNMRhETYPTAflckrTanTYwHhOENtxdKPdeRGVVlLvJnvhxbUfQZgBDccnItzhLrtZVVqNqhoNQQpZKSIQbOhSgayY', 'tLPYRmCSOQsEvOyfMwtJUgKvNNfqszUAvIOIbDggHjArzMWfGGyCYtLSMCnRRUPYfNxRPZPdVQbeIIbolkwDKykpWaRCUJOthzEljpXFjCusbuZjolcYrzwbklWkhzxmsaJAGzfhMqXDqthAilnTEKojvKPQYmhSRHaQjFFohQXBsoJsJMiDAtCBImOqYEluZfPGDdXmCMwBfoqQwzaIWNukgNqcGkJPonUhMKWSsAgunOQMdIYYVghVHsAFKAK', 'XnOLZiltuFjptwcECsIfeuADmHTPzoMDCIINxEuCgiuVUmdKyvwvyeUMtfozeXocvKeSMuyyDTapdEqDtAoOnUWQnHpSLhCrKpCxdCDkVqddaTiYKrptawlQHiuCHkgvEkSnBJaheBtiLJpbBElxgLCXbRTcbqURYzscoZTrtIKNzLSstsaWfTzqdTmuomMFsbENNJKvDulzqTTjzCgtrhaRsymgZyKfRJikCnjrHFlcCsNBsiPlPdldcWmjJXr'); 

INSERT INTO `IssueStatus` (`idIssueStatus`, `status`) VALUES (251, 'AJMiNhgdtekHlZbYShPFsLeVLdTNdxxDShRYwGHdXtuCejrSEHzJKjPguqzuatLtDSUJmhavsXpYFepMWNufRTBloZEuGtSchmtdnDVvxrkXiSGnKWslQzWRcarbcXFYSQaDcHLCfVUCXEgatMvlhrDAqhlfgPtcxDRCHDsDxPmCCuEXwZFRNblZEGrDwkHILOmqYvZIOYUEXUjqLfaHAQvyZjPjiZpqBIMDwmxSLxDjNqXbJjawUjpMCkYbtXL'), (243, 'IltpcTkHxMFfNDcNabsikcbrrTyjaiemlZCYfdQHDvcsLLBvkTNOlVyRKKorZgYhZQVboHKqpnjFWvHxKDobHCHBexXcrfhXlvfDKrVhpPQbapJJXxHvnhbSOmHrSXugwtvGhGcFapNYSwdcHMFfnISiylzlORvhlaAqEbgDldlIymAFWwXObLYawMrkQySXPkwifdMCayWEXYTGAgAoQOMnfslvPIBQGvpjUpJfZNcjDnZOkxVKwNMDTptjPtn'), (245, 'lukxxnAHIDrrzRZaEUBCFXjfUySfWjFZIGLRUxiNhnSUrFfadPaRdrqkdvYPoJUWMspxEltenllReKmBMYpqdQIqpTBpIHMvbvsnRMlOMbTogfqgVlndnkkaAwYWitUPIbiAOidQOHkJZddnFYyLYknuWErhBgnRyBdnSTJIOsVVphsUXfixUzvqhxzWyyEfolAaKiiHBZBBMkqbBgKClkulOystmgHTqlJCXJjeJRncauWgmhOKdxgdzuaCJte'), (247, 'MuKmZsuCubUGYhGxBNjHvUMNlOwmwlvGooHxBkMpAIdXAqQctpehqpSugkWGcCVgEFEXwdAdmhLzvOMUSOyOntXSxMcJnCuGZyAAxHXWKTGwkxIdAEHneoXQmccAdpFyFwGNKGAAHswLuvNXmhNbFKHNEXHFYlaPNaoLBxKGGNRVOxtIQZsERLjpUaRSvaqCvhzcOwVJXMTkZUqancoGzPYmyVEOXTiXZZEemsgIwszprPUMKCABwcuPquURujW'), (244, 'NlWihJkYunzUwstuHTFFlfkmFUgaRCZSvhgqynhEoOhgXKZkVgoYXqMAFXJPLEsbtKQNumwhgfOAAOuAtWafcpVzaoqsHMQEfvxfjVJDgzIAfapLUYLhHPiMJVeYShyDmtgFBHIoCaJUlzPErAmMyFQVpwDcsXPLTzkDTqQzltsihUtbrLvnkyZgzcWOAIYIpRydkeQXdSrCMOVqcczownsnPmdTxayBGlUmruzNZCiwkxGDJyVPmnuqEFRbkEd'), (242, 'rrUiGeFzYUBMCJNiqyrzJxvrYjsUjVhrsfnKkZNaxJoayKZidYOEPgJwpRADTeePNrTmifvqyjFsXayyctHphrFiqJuHyKvAdnYuzSffBhwDPHWiRDYdyGEhuqUAxkWkKzrBdmKqGlYMfsHyrFpODWmJuNuQbnEAIICzNcqKXGbVLIxoyRsxApVjaQtDNtWAIhQAHbCEbKeTsVDzsNmbkRLMDHSwUIpnbtbyYFAoMdIalDdlWlIDqvxgPOEwhPb'), (250, 'TKTjMbOWMuVkWEZzpzhGVlvUbyUyPWODhvcChVaXJMHNQAzXkhTqTlMNmgQYyhMrksNTRixbJZqhXiWMzYcCMFmkHLyjgWDQfNkKdUbCqnzkOlWNUjSEOPDJGaNXqtUPdBwpgkTUYhyVZjKPwLnTXaqRNSbDRyLHnqLJYNyyJcokKhgexHCvNAhrAGIgagzwyBZXUBrzkgovqihMyqGRHsKJykQMiozlRDxdmfUhnMWCgcQfXBinWiCuXUFHlfA'), (248, 'uudhiJHXAgXGlXUccDcIkavIdbTVMrxHKaGROTiMCysoPnemsGnCcTgQXfFazfgquuawIsESOviJCUaEECyyosgspzhKdGenrSfncQZduQqcjKxDuxPbmJwkVoiJgvSVOKpEqjECRpuPjTllxLkVyiIVJnWtBZJSmaLqTRFaHuvJLYqxvGyaEwGFzicIaMRhZykFMnfvbItYsiinXLQqFSieZSylmvjxDJXspbRjCUEcRucZpkNwjbYTOKljZbX'), (246, 'YxPoreGKlmFWpEZqKDHDLSNdKDVjLUOnGIxriRuUraPrGNhFBqdRJmkovjYuaCBIvltOoTXMxPRPfQSVMWPlLxdDVzVkgyIRpZvEdxbqgeEQivHyUciKaRCaVwAqMRyYByqnXopoHtfVrohbJErAXvMlyASPZgnkcmvcEumsgMqmPeFxbWGjsirOYGlXerdChFZsAxxBFfpzGjcYkNOCXBLiTcWBHqqfORiCziSOuTIAJQDLmAkfeQlMIdddHFs'), (249, 'zPCJigeCSLPpuypSDRwjnAlvjgqmGnCbjafYbNlLehLCoNITyNGTGsyAHfkudBSWGVXXVqdRZnaJZSwZRwUbSUQbjLIcrMtlymlopDjwPlCYqPtxsCCBHSEalZhmpGuheDexzbIJVnKFEFzwXuiizcmlPBYWFinrzxunWoBfxgMAwVpFXfmklPTJTXGuqFJaXqfOoroatGatOFHvsNyOftHvsdgXSkRvhsbahWDFtzlKpJZPgfZaZoWWjmAYJEo');

INSERT INTO `Issue` (`idIssue`, `blocked`, `description`, `title`, `idCreator`, `idIssueStatus`, `idOwner`) VALUES (134, 0, 'tVQijAhQVnxlEafJeUcDcyvBwtqIUevTUybbKQfzLTkLNXSpgKQlISFHoGLHWVQPJviQcVlmGGbGsSwSCViuIWQsVmSkKuqBBvRbLDwUlDshmwvMxPkfygSuhNlERQhNmiazkiVYGxUIjdaCyKMBDYZobvbZWkHLNdJRYTyZMMHFGsxKLeAcRjApRwXOhflKwujTfFXLUKUXTQUYXMAaocMxvTZBcqtRKEnVRMyApMkUYdgNYAzHPDdvXpJScyW', 'IicMPOCpdBzsDPJtYyFeTtCEzGqHEdSBbgRcnsSsQLoHRyRqElJlrMSpkAulVxIjVKeqJDbNzIFVnUlggKBKzixcUsfFFHoDQKPNEDWiQPMfMPZLuZjirvhObFkoYfrYGoFcrsGWZqYnwVNfrKOQipINOYCyHhbpuFFYrBPeznidTEbEoJxHwSTFHiBDmhaeEcqQiaVptddDmzYHjiAFGZdFKZedCLoiIWMThjHwGBkFMQpKjvFHkDsyRXKfbvT', 246, 251, 246), (135, 0, 'OyxpjVmHRSJPaSSZPFcchzeXtdEdcPcFQlfADYqTVZIyOcCxqwSdfgBjVyeElbVMiGkHYkMGIMzBFrtezYVCmIgKdMIkJrHcnNciALPEikaDsMzBZnpxJUGzALPtjqELuPyXPbGmVeEQyLsVJbrxEhLEqzKvXtwkhyFtWUJlAKQNWDnfsSrBLLnuSJXCnpEvmNzyPbdSUtsYmWiuDJoHBOcsbtKOLtYhacMTzctrLSsGWGhCpeGGOZIYucDlutl', 'pldryLnmnltnapWwbqiGjAyldjCZsUccWxTSLJSfdPmZlYsoZFWPyEFdRjwkBLNGkHuTOhdrCeiFrgLmlmpbbRKQXaqoSZxOQBoqIebvHnRJblxzQaOYvtLLPWvgmIoRDDdSTswUKipYaPqHTvOkTESYzZQXaTEevielIRSlXzRjZlBttnAQxuUZsocKxMcgzydssAzssLYkoRBrDrNhRxaYfyZDnFXxeHLJSdyPIfbjFgYyEGpOcdcJtOLsWwP', 240, 243, 240), (136, 0, 'QrwMgeDTrPKbhJwUkfZhRYwTMrnBkwMyHWMUhIMCYDhRFVREnvVHxZPjnxbNJHrnSTipgggYSxoquGDpoGensIFTXzfhviaLhABqjUHBuOZvwqtByOyzQeOURqKytrrYOksWGqzdoWcVhBDcubEYRbfnScDTabNSCajTteVwohweSTbvJBPiENTXQVscYWolbXoxeZneyNWUvkfrbAlUUiMgWoydUCyqsAHeWvVmRzJRTQuBJqxXIDiGWjCIcPx', 'lcDkOGKYBxDMxpmvakkydQQonPWcdXxwbYxGFUbWReMuypqQuWcUxxytvIxBfujDBJHJfPvIcAIDiJoJBhodQMdJQMLUpXjDDgsSwylJJercMfoHfYVVLxgjPBsNiREVignepYKfXupOlrQUapnBLGteMVXyDWiQLwivkfmLIvsvkEpqGYtHltLTNVjcsBezDSWBUXeMJqifCzyDoszERyuldxKMhYemHbANHDgvNoAtsARkIWJEYiBqltLXTOp', 247, 245, 247), (137, 0, 'lIEVTYoKYdKKyEvPJsSkBOIVxTpBNzvqAEJriwCjmBLbyFyELvoGExvkUOTQRGizLeCOdeIzpSpZdkAqAevGGuhEhXySueitQVzilHLqMtEEWYepViTOMypgHkimBOlTASAGIglxaWhWydTUzFSySuBxmzyXoKjIzUpRxdzAxCmFMnMuzTPGofZLyCIvKgEDxnWZVAESZbSxUrjTBVCEEQEatkpEDFEHKAYftzwScHOaCjbMRbMFKdmOtFlrdhg', 'rHGhQqcxpZeIJKEMzSAwObEecPmoaTtaQEmTGHfxaNicGYgYszGIwtTsvTruQtfEiLCtVvcbQLemGtherqrFqkMmIsmDQDLWouwVlcpQGAwJQZFjtfkvZtMLwIuPqShpELsjVrjBpWJSxQEHIBhZKJfZeeLcqqUFNOsNPhKnLgNkipfMcmowrCkdVfzqGAEqinyaiEscpmFGvzfOLfGtavDenCiQmmjvrBBYsrPHXxXIUzEAfBbyGmkawbpXpcD', 241, 247, 241), (138, 0, 'yygnBuTPksjnmyRhnCUoTslcqwQwIuZWpUGcVSxpdcHDpfeHTeyrLznJXhnVstBWqiEXRAZkIyPhPYdNEPpSBUJzdMgYQlKOoiwMUUqaHsuDiWRiVLWDEXpTSAgLTBAIUnWZPMosfqQbMwoXQdmQNHVVdHUTwcrMJRZKPAICYFRJnxeEpykhkVTgyIqlhNXsPePJDaxSELtjvPeJspTxbNiugKSMQPDnDXILWsIzQhhskSVFTuiuMavpOamdxGd', 'VJMksokAGMqPttLEIcNNKNqAdpOcLovTXntkwUvniNexzvoBehxbvfJbzPhionTFmlCdfMnnoVNNfMkJJAfkhDQvoSCpsnQRKWpyQGMAlLrDCYnYTTZMTfkIGVBpwPjJUuutJKmJRijVzoxnzDXrFaJYGEODvXrRczbnqIPrzOOciTIBYvgiLoUxyvBOAiLrnosoARWWNOOTAskQcoZWGTaDyQvGoqHTSqKkiPXATdzRquZsaIvLBctZBZiaCxg', 244, 244, 244), (139, 0, 'vHCHEkxLlJdDJvkWgWkIwoSieRJHvDqUCnDNptukxGvSOvEUDNWdlxQhfvyCeAwAtVkadKYetCCPwCfBkUPDPOKvNDnhPUZfZsTiCfZzSlZspoGxftwwjpXYHGPOZaDWupULoLShHMoXmZiCibrsaujslnYjLEeWEVhxajaUxIMlhVczlcAQkcTTjfuUpPTjMgMwjYZRUehvQdQHYpHnRyqWDOphbbyEHarzKwnwvEyYEnIZCyuYkjhSIhWeLCQ', 'TnexRFLugaGFCghBaNLeHKOxzUynNXKUqcQYnvyaacyIGOINDTqkuVAIFrYpSSHPqLdMbHbWHuTNmzOQEcaGEKDeHxzRLevsMIGQMzwXabrPBenZdsvBuqGnJMUDWmuicIjJFmpADuGZobYnSfraDrrTBsXFPXWOoFOncgZYqdaUholzuptoUfHEtnOBqDIrbuQcLtpwqWynpchDFZMXjFeVgXehNnhrpbXMTTbtYvtsHBpSrRWahqzwFnQCXiz', 238, 242, 238), (140, 0, 'MySIvIWyqWcDFdjEUyYEdazUyZJkiKTwrVnNSeNheVVlIVOPhRGgtNVGAsmrjujRMfvwcsFlxdlBTPVVDLDkpMUmxjUQFtihpmhjxCBrTHFeSFiFUwGQLJucPUMXpiXFoaHYRUpfFaBkzUlHSQmJZOwJgizwFAZIPjPJrsFprNiEswAKHCxnatGEfrGhCihueDVHqGgmITDbvWIeGmPtNUYAZXmKSedRsXUdrMSUtniwztJarHZSPmgcvcvCdBR', 'PjoTyQMWEDVhQPHtryOYxTUiDfoRAZEMGSwsTdQEFYCWVKIqWxYfufxaIUviyQVpZUehfgUuxDyCFImjbRmncNSmixCSyupLtqwpVFBGASWJNBPqPXSJbFnLLUltcJqyqoVrhTpEhVRYOzAosAxzGAQdVomQTocuqsXeXhKDGegkYCmHINbxOqHpUgKbxEPFkthBIjwXWVDTHuFNsNrunWZbQRuGIDZHxCaPsSrHLRIiBwvdvJhEYTqcFMRauUb', 242, 250, 242), (141, 0, 'tuwdYjQhTgZkZTEDgQEVuVDDDYbtffVZLFEnmqtGSwpDymMWEheeILGPPRYGnzkBQBCNOJblGDoTEjMAwYlKJdnzRyRDtdTujzRCksFFvkshZlGhskFZfIJLGZdYNtLcBfWtaYOQxZRfxccEmzJGnElQpGeMdnwwbZvZjUQCmRrlarPzKdxPSYatiBaThFJIRrwLApFHFkyeELMkxJVWMaySIsMzMgPyVMOvtgnTTQCrfUekUxalNrgmomEYyHK', 'jXYDzpjdIIfvOzWdgWjuwDwoyPbkuHsqttBTutIkDAOWBiplyoSvSOWIdpRrFoHnYasFaRMiCxRgZTnOZOlIuptInqlAGtYXJHmwokdjdVfcIAKIBNLQWjZJVzdUtppmarrQQHjirzhaPaGLRlUiDJNwnEFeIaqfWRCFjFZmjOiDWZOzIhrBgniXiXnyuVYhBkuADsNSmjzextBIAzIHFsallylnAwbRPnQjubyNiXlHDMaQYqfvZCPvKxrySLh', 239, 248, 239), (142, 0, 'nxLvecBvyFBehHqQJwiDmKZUrPXoLENEWKDlGpnYGPSVQbbnIZnNZaRQoXZTgPPXstBkmwmIPNUbSzSaEpBnvYOThyWAhgfPGSPdLQAwCeAGYJAwwpBZFMdHJBfBcbDTyrqpwZpnUkgPZdevopkGfuAxvdlFPGWRbRYVqgfRuIIKvfqfDIIvexyASHfUGNomPpczJBRZnOkETFTpCcTQAsWoyrevUybHKBdAvKBBICYtMoasMaVHZhOCAbAQQZb', 'TkLwYGwJneubUzNILcIWyYCswCCioKHNzYuflrQDTBkgOIetlLrUZZRIItIThPJQdvvNNIzJPtHJPfvgpjEcputGSSuyvTfKarhoKpbhcwYshTVJwKYsEANwpROnSvLiYokgQxUiaPkKBnrBjwnCBDhYCrNHDxYfnIiuytHWAXzZyzozBOahwRcXRFSeXEpdxzGHauzwGULogWUCeuaheqenfUCJFCcFksQcGyjURMEYDIVGwFbhjRmiLJtXwfV', 243, 246, 243), (143, 0, 'OMwmCkXwEkduzayTkcYnLSKdBQKAEFtSdlTSEHXnnujJATuzHTqijuQygWFgnBxQYNBdvNhPJhbjWvsyXMoIfrndKEFLYqPAvLzSvUjqgqxnpAqjFdkJrCQmNBNgLFZqhSKTFlwPGEBeKYzFiswutntxvfYILZXZVnGxJLaSntNJXpstQQQsDDsQrkXmrkCNVGeukhaIjLnEbncQNDMIsQFMfgFHWDEHIrWuPMLGsmTnYNFScNuxPwjAjCtlvdK', 'pkeqpqTwwbYSpzNkVmEPVtBiiiiJDGOBqvwZTLHdUmzRALXpIqKamnDsyBRBZGSmHxUErLkURtatSzHpOUPnqyqiiWUGonTbxUATebYZTzINZHYMYlIcfGHReoxERIlMLHviFGchLrJKOFkXHKNGCWpsdHpnMHCvydEReoGLIDALdxAepQjJpzBWSzHQzmPrdheSdujzUlXGdCgOkZLCpqHCNKkMjnqyWqTAHNlsVqeuCQYYCZCAsAJgvJljDsL', 245, 249, 245); 

INSERT INTO `DesignDecisionStatus` (`idDesignDecisionStatus`, `status`) VALUES (239, 'BMojAlAauUWaTTLByMRzDtSZFjDMqLRbFnvWoPszCzeUeXKRjcbTVfHzYPRbtQkvujFCBfbPuIRybPArPoPluQoAmmCVRKnsWhUfpfYerJpTNjGlJAtZagOFEvJDSFgBwZdDZdHqZJnFAKjKdBUjGCIFiqsXeuVsQckyZNKphWSOiDwIReRMBHNDRcMubthwUHvZCdpcIaLRlrPwunXpoaHPTfLoKFxvOkCrvCdMXyNmrOBeKcaaqdqKoqkdGTj'), (246, 'HAmdPnPvxpXodafdRCjZLIZYdFcHWCSBmJenRDMotfCPufYDaWyFempDlkFTdQjdDJeSbhNmnMmJmBJIKnsqFDHaQTEuzRFdPokbvKfDkqElGWymaBcqwfCuGyjbhFnaBkLauqzcQoQilYvtaaEfoAQNYFoaoYDVpTaQjhBhIydIgUPGbxReAaNtaRHnSQICStcGVhfXnWUpITNSAehJTthJPXopEyakJsngSndEGNdbsBohQFyWVEXoWWKwRTv'), (240, 'hhCzOTCaeRnzLVkgyGLAYZOqOKzlwssHftPeNJABTEeuerVsiBGdRjceGKddrXAVxfRZcGspHKKVWXrdFRDEGbCkQGHyLiuhdYeuVFjgLokSIDKPzbLHczetOpSIInRDdPAbqaSuqPKZNGpZiwtUbKamErQjyIZKuJHFOMwUryKinvpCoLNIEKTUWTwHlKTqtSikRNZFqoPBSRlbvEAAMBFqYyCZJTraSYeqVLCvqsilvpwKlqVUXCbSFtMHpGM'), (242, 'OQgSuwykfqzUfmOcpveHDPegizUIWfSWAbZZmnyzMAYpTLFtxjmHhvuorvRHZPrgXVpslkteNgyUoHgLxuxpHhcxlytrajmsxiRMyprDypJjDlaXkOlQHbXefGCRdZUsuwNBpZOYafWGaIhTFGNtQpBgVkdmxkouVYVtjEhCBLrkvFtNQwyTlYWShWlohFGrppbKdcdKlnutXjtGVdpDMQVEWavwuUWHtBEHDDRkoynpQYgKgkjvRXWgSxgHBFS'), (238, 'RRdKYYkUomLMkBiUbwTDSDFrkbVSRuKWNzkVoJwNUudGApdqfeJfjNzJgVWrESMZGInQbXRIgqHldPIPXHAcNDbRcBpawBiWGYQUwSIFWIBvkNTwSdCONngFXrLptPbDiFqsQOSBiiLnIaZdDBRPiPvYAHnvgCpZcapgbLmOQybkcAGtzzgekwkgnZcgstvNiFtUkXMmYZQnkQEiktqAePrclTHJNHrMAibKaKnkgWSVWEVRbzTeHNCUEOMcdny'), (244, 'sjAlYxqBeQlyKWlvoeSjSclZcVoCObqayvpdXmmWlkcCPmNsFDCHAAWetBTlaAdTJfhYdKKoQFbaQtNxdkPuESWdIzDbPargogswYxAfVTjhjeoLxuiOjLPtxTPKLTOWNRdlLygQvtUoLLwCyGJRodNjpArdKUWjsoNuERMQWcxrUrYUnLjtTsukEXBmvbxpYFMQiydmLNoxDBOjrnbUDueiKCLJbKzevniXZWkRQhkjYaIunUOIYUWDzvoAJFw'), (243, 'SrtycHhtMteUpNJLiLXZXErrBjbdfPVbKwPJYwbIJtPGGQvTivjxquPWAneeHTaexpWhKlnuMQZhyFfFWeVOxMLPhXJGolfgSMRNXotLCbMPjlrkHoMCgZFtiKsAzIgmlKLYrWppfsGMtZPlSQrtdKXdKDBLLpyygbXluEpakIDQvDHEvRUvZhiSSZgndAmPdmQppJuOsRGnkaORxXWIEWiJIRurDSvdZBPKFsHkeFSGdAQlCFxPJWWwVPGiaKU'), (245, 'TBnhMytGRsCwVfOYkAKfeqgmZgmNMMNzNwJUbxYjOxVuopeeUDylAoBKZjeGSGpnPzDaZZhsCqyTvELLFCvtGFutDXGwfOzFbXQTBfjbNxIzDESCfzgikzBIeRXckfiswrzCsrDgKwiaUhrihsDoXgNtJatrYONRyhngxEJhrHtOkfoRErteCoguBCyIwzDYKdNcgGPFXPIPOKzYeMVpgbpeopnifNoYYDvWqxXFDguABAoIchdmMBjXiDtfyfJ'), (237, 'TLPMmNssrGtfORTyvugnHzWLSkCMfhhIdYhfMwQJPlCqeuVLVMjNIUisQXsHmCVkdWvECMTudToPqDTXNgUhLHOwqoxECpybVXqLQekALviEmSiGaBnLQfJoxWTCOSCQAWJzQZEZLQkXXhSBeQsHVasrlzcLUoqiZzTZbbnYiWnmeFRMMmWtzCSrrumQMrgVkRJzNdIIJCpSEwRTMvXCoaLhbJQtBnhRfGqlMPeZeJohzewsftUcsXFtkFKtpoA'), (241, 'VRkzLnfBkGrgAAoDvgKsAKaMuSrWhRSAvPrMBlfQxYIkGoLPcFExOpIUdKqtqwRpEQroojSUbDXYXkkKvkpyXrNcpaiJfjxOvSMFYRgNmmEqGtgosZnBzglMgJLdodWVaXWjRuZoCfIOCdDYHIcebXlRqSDIbRyAmsrCaMbfTPfCpARTkUYCldCHEvOxuIMOQuBvtOoZUSMRYtVLwFLfsxnzobditOxSqhjkedxdulqLDAAqoAcUSfIcMrzWGtL');

INSERT INTO `DesignDecision` (`idDesignDecision`, `assumption`, `rationale`, `title`, `idDesignDecisionStatus`, `idIssue`) VALUES (131, 'VwkrPzccexLVDdertAmwmXIJPNznryVllCWZMWpTNuEgncjeXblIGQZhHimzJfPjzRAKtMztRemfPEWFzSslIrCLSgRTiHOnWshGLvhRApRNlPFZixsAaHyxzrViEfKyShEfdtGFyWqlMWEmEPsdSJuMSisgNQmhyeLDhIZhFXFGgTbTHmSszfmbUAQZuVoTTmqfMjGICNoWmyuJaXIBWNBgQYaKuvCwQArURrhwTgdfYBMekMZSOfcurvGlBHJ', 'voMYJeKXAHmUoEOOrobDcwuztgNDSkBBqdyGWpgnwieQvJUeDaAppWzJMdayoFlUyOGIUGmUTIMeyFZoPEKdFMvFYmwyiZJyzfVkTFStGYCoeBNSsjaieTEzMOcdBwJFtqgvaDcbIcozlkFCegyxTyjRRVjUtudSXHJeoiiYXdSfOWhBRoGhVMsklHwJoWgZtaoyQCxXlqhKSlOuwNbbFusiRjjRgYJZqvBJExtNjqXEAZjalfhADQPMcwcnkKc', 'UniTwiTDhJPcJotUhqfbMrBGtfzWOBmAGbuJNRNNkjqsMIJxDjyvfSyYymIgSJKnHHiqBpuIJIXTRurRKjTSYdjxCZjTfJAUTcCUgRLKoSsVdRlIvZCmNhBwcfpHyLSOzJjYjzaIroQZukVIIZpSoUIVoPCoTvOrWZxxieMAVgGjtBVPuTjkuChsyYVNFpXVWtjAXNuWKugvnqtiwNbztobGEfRxKviCRWhJIlKhtkmbiiGyaclxCajndADdkzm', 239, 139), (132, 'MqFbOXxuyBnpAgOfHZMAqOONLwCImJNfIKkWzgWzSHUMkGryHCoriSknkoMNRumqnkbDNjmfNJmphRXycaPcVkzGhMOJJvFAViTnDryJLxsvTViPpOYDuyjqSQPREffpOPDtapSmmXVwyjeZqmGzjFPNcBjcfiEZrOUKEyvfhDhFXnSSfUIszNOTKZRPkNiKZPNLUBsVntesBmmNjvQqgmKCLoAXCKvwAXEHbuOnmnALmjTEKmsAVzTreorvcec', 'VhQQJUbuwecbCiJQDqxsbNisGlGQrEmTbqFdmYaHiDrwUKyjuWrkUpKwHQvJSRsXFcKWxovaTaChsSQCpohbHsCWTvhCxPkDHznWsFzUElfVuGntWzXEARzSPgaDGqTgmikDAHnADUPmQvqdDzrJOTrtoBfgrPxJfrGAfTjLQHmGVUMicgrQbUndAfdotphbnYhrgpPIqLFFlRDnJAVAQgQjidWOYZSLCsUdfPDCeBWcdbaxRdWJbRGrRcwfeJg', 'VuELEjqGcdkGlJYXDLpJDzOZdsREGGPXkolrUhZBOCQkUQYkZCpNFeWgEMZeTyVQTgAToRDAcCWWrLMzElWflqdOIJhMgOZadToavUjRfUuuHKZRgYEbhdpwLuHjFXpITVJdPRiohVtbVqCkYFBYqhIgwmSiSBmQQHWWrUOAqaojlBRLCRNKRExItJDWhydMkpXiPOOjWUdVZmpjYSDAoyhKEnCjCFWLYggtxJWDSddTObgSbvBWQyQvHDYdwmk', 246, 141), (133, 'opvVhHPMjVMrZpVZVqAcVYbtsxXWxLCnXcLcmmdDDXopknXdvehfzMNjfZoRCLAAOhAJQPAVvGcVVovKwGCyYIawiLkaTgvgTibythbLwpiVKYDivvqvSVPnrphBrNcTQWsFfnLMClYZskzXaEvyAtKaZzGfTWvMpBeqHGloGeydBCQcoFTIWaHWADkBublopgZdZbBHHdjSvaPPHNmbFszqIWLsQtEjODGrXETXAuFFESDtqIpYvhPqmXvJIio', 'nwrGYFicExtanODDPWLVKHdFdfuSUqhosgFjjcJIMcsRgAfixKbtfktCDIdixGCemosTNiDumMFymKTFoIvimcOOTKGtrCJVdHoaeEyiVmEFkDgvyOfvVrHdepdVrkTsWchSvyJERCxxSkzQgxeqJKYwqAsuyJmeLnXecYhEQRQrhZRmXpsJdIqtTZlrmqqdtYZqJBdggRFdPKobMRLTkusLKSETfjkZUHQwzdNyttFvHnkBQDCcMsummUmbbeU', 'SayZckbamRTKUYXfYapIwkOIdWMHZxztUzvBBrWhjzlajrCkVTTXoHTRjKKOqomndrAbvRYOdecWfKHPmotpiyguAIHoHcpRVdXuZUcckvscrpnwQEVXAIyGBeSjwZYSzhAbqwsheFjScHjHNvtjbGPxYmumlvpVsTOHfLwYORUFraZGjHItDPSgXUdpnpBQIqdNqENjnlvyBlNrjWbnkSPDmDSmlKjUAVmZmxGBhQKFTynhzOzYdFRmKJFUcDa', 240, 135), (134, 'bYJLBtTKOWqyuvvaYcVSrptEVwIessCTIDgGBMfCCvWUQArtmUCEcvdrcMAEcAWjYcZtbzMcqJVKJccflxSmURAExApZGDQQvWPjmXUOQUjYcBMaeTrEfjSaMELBEnvuGSBhOAPDzPFBSzyNDklALurWgFCZDvAxVqeWvZGdGgulaBsfafWIfGtjFiGLiOMKvYFlzfblNCNMOSgERESJkvWsCWgGAYZPwOUCJmGObOdfpYBkAdxUKoCRNAexmXW', 'YVxYmUHGCguNAJvvFYRBLaFeKIDxgRhstvptLjEJSCfYvQzifytHoMBwZNfKIOlHmOroTowKXodQspplCujmXqNVomTtpCVIzridjHLgugLBJuLbYcDqWpJvYtqhWYaeuZCHyWnALognSdyKQxQwyDCxfMjBrSSjphMlxMeCzdHcGzJirdIZsVvUZFxAGhWVXoCRagIecbGHxUuVYKxccBblBytTScQvQnJkPktrdygAQPLqCNIrJsRjtRFQqVJ', 'nQDCveekJvlHoitVYgVAVpLKdGmnqrPHwrruHIbQxbSycirwWnPjHTxcMiTAuvonrGvbdlZNqyrlfzaVMMAkgUDbyQMCdIxwTatfehDzmFjbZVVjPUMzycEQatuYvgsQqlGuawSqpJOSsAAEGjuQWLRQtBuXIWfJzVjkmcInrtTNpeiYtMJSdtkBwWzacEOZwFvDPTaJRBdNgBtjNmiXOzRKDdijlrslSmeVmztwhwvpSjpilhDTXkHBQXrDALW', 242, 137), (135, 'zBBAvNhOKAoKsHVjgmSoksGcTIGppkNoWOnGerNQGHhORUfadIXnvooBtDVpSpYBqVkaUPqRUZhKCRQeLLPtLoqgwNHoqYdvrtoUJOBjpGHxZLJoXTXXTnPLIXJsshWTHkPylgaFcDuyRUaQOcMpPQFIDZpSSXrrQUlrDIPmgIYFOMbGiLHkZnboyzuBHrKaCKoDnQNgLrrWfgyLwSvYNzFEadQNVFsBQFtjQTrudTYOrrhFCPGxJxVKlgzGhgI', 'YfTVaOhouBVKQXpHDDUjUVpQBVhZpwTbNnsdgFVNHCZiTaQPkrbjBJptIdKpEWAwcKqyrKhtQXdZnRdbKFEfiiKuFDpGXbauxWgjUdBLRVcqsVHYnhIaFVqJhDBNLCECIwWHliPqkTrWDgjWJhonajosqWJQhRLbAnvgiXxnrEFHdYRDpSEJjIgWZDNTVtdRxniVJLzoyivqqTmMCYHPlrIZQBxnPsTvTLwmeltTlWrQuMFKtSCvftTfFtdPhpL', 'gqlRSfhRoIbKMSVXuhNfDYTkiqIPbmMrUCEozdAereuTNcfxXNCgXpwPRiVnEEbfZqgCroYJrMtetxMTqRdiaJVCYSSXcdTtwVhndWKNzrEnRBtZhkezGAqCpInPLpxGkaHJCpvwFGbiuMonQIOAoSEFcZgkHmFccBQaLvLrGcJBwKdgBjNcJyfOQyBiAdeanwsnbZEfAjtGWZVnltPwZCCcuxPZXbKEdTwiBlvBxoasHOTXdtdUqSeqQQfrxND', 238, 140), (136, 'PGDwLDbNdBkFvgkHpHbhRcGevPIGKNAnrTijYCKNPcUdnapuwixuYNQqOCAVeovCnvWmZZofYkQaDWjqVBzLLnTfmdSKCleIYvTofFbIWNDfRWWjGZFLWyJuKZWBjPVpxzLtssAbHvCvgBqMdkykLxmEtAdoGloqiuczTKHtnDdkgsCSbnzjYJSoCchZgcGTidcGilvfoOwnnbAqjKpoMAgHjLnmpGLavzYzLvKgrvQOKrRAKPDeuJeRYJYIura', 'IDPvpmbGuqtzapeQvHQjcKytSEfpZtGHfPDrHRYDOtLOYoAuBcKMdhPRIUNOfbgsrxrBYDqnbXejGMZPJUfZglgqDftyRsjUDJhvrgzEwRqzyYzJumjZRyWVHGkKxbkkPIYPEHPkkjrcHXrMAiOdbjjTmISqkLqyVCtysxZPAKataBXEsRIGHrGGqCKMXmEbJGJHVfegsvuHcxzvlIorKTXiWqaiuJorOsoIKaGsmYzJEFOORjpyVixLDCMygeG', 'iCjqKFycSaNzOmoXznEZugjtapVQfvntjJSloOBysoGrTZLpATwBEgJfdjTEWppCGrsHDkZfklAMoMcSrezhIFJgLTVziHEFrhOYOscXjHHmmHyDlFTIBqXLxtCxUavkXsomtaoUrtyvHZGWOPztVscmWBcVZKcOdLeJZukSeVBekgJTwBewKrGmJdeFOZWiNUcdvIRIemaZWZPcAlXENcabnSPqKPBeTTlzTsrANkatZnotNQikkHMkrNEhvFx', 244, 142), (137, 'VAClMjgmxZPxYOARTVzMVPgjrsKUCqOKYdIEbBgEQyDZCBrfSagWvUXfWuGtqfYOQRkCKywILIzfUrTizpVDZLlDBdQUjpAIDQwDHvGCIKRkUagwETdTxUDqWkaKuRMkKvJXITuESxDUFOrFBOkSVMPMdBFcudTZkarsIKOvbsxnxeZSFDQiSZGoRFoMFeXOAZtrzlOKFVimlXlqamckqJASBfNmErVXupqXXrAkyaHOFUOStVTtnjvQxGmFHKV', 'rzFWuNHAdQXKeaBgDGXZeYpZKHeMsgZqPzTBgiWJVYoRjBQOkThjNGNrRGWsaDRLwDILegKOecssJYSgBiRFNYdafJbOjSshonvPRGPuyqSAObWiSiUcokCpJLYLZskmLVJIlNBqJBYhwbLguoFoUPepTcJvBavDZHZlUgWqKruuuFEktlXKbrHAMKxsITqbPcBXNPnmeELUUJzNhFHZhpBZjYcthuUVOTwoKHAmlRUcFkRDwTILreRvqlrneLx', 'PpoWWChECewIABzPGQtyJZAEeCUyLbFZJAxKIIaPeqqPdXqsKtXbjBzZBbJLdSeNuQcmMfehmChVqkfGbpIowncGFRJrmaRvzbESRmJAfaYnutRGZfpoYljBiLZMGiqvkMLOgcwitThIuOTfNlBehupBIEPrqBXPtFOaLaPSJpzWFDkWMkUvUlHcBlYlYgTPThSvctsyXYBmrqVWGxHtOzMmbXUjIRVnWaFniRhNERVlBpfXtWzbjENVwLkmSXS', 243, 138), (138, 'HMIPcztdVYVRXaEIDRZuKtwEhbNvcqNpJLkGCusvpBauoBAnflAZhcqbPLEqXTuzQWonKWzJhNlZRNajYWQFxmWpjpMMOEMKUBFkYQlLedBCzTbjSoiNfLlRseUplACTgjHRVKxbWYbJRVOIxgaCQdriqZBaeyDBLcVltKFaLKKTuTvnLYlyitonaChsWsQzRSVCTQIvOHOuBPgnXlWbOvsHTOtPkZoNmPsCcYUaQJLkshvdniLcwgDelpZeFtZ', 'NWREQuYSjcytssOkfoaWTkNGBSolNpBQaIJqKlSymTEdVAigmgexKDVneJoMhccdAjsHLjFTWKWyWWxwfMwoHSpHASObqmuPYErAYbnsUUgickKiORoXCyskpwFUnNDOTuwZagFQmNRfhkbTNAaCPztjJlQyLnjZofwdJhOXXroDolrYEiTxncbXuDLkukxTJccfyzLsojXXkKgjVFCXasgjoTACvFaJXOecwMNpMBQNefVHAlaoloKQkzVhLZM', 'LjBhtuelHSFcfhmXTJhgAZWTRgVMKWZLhlMLChtJGkqMRVjkoJBhDxruOYRTUmpvpjYoUHrymQdzJFLzWwgqrJPzLXEGIPfJrEEPQOTnTOdyoISSfDIHVJWnXWepsiAWghOgpwJgjWRBHgXfSkKEvmktcVKqEjgcVaxYwZTYilPNVFcDPiuYpAxZuVcVkIOzmkOoHwsautWnDCnYcmbfzNFSMwOTksdPqyWWzSEuwWkGucPAAhfBoMQmatXmzsC', 245, 143), (139, 'qooUjZYUicjWMPoFtzPxuunDKCVRSUSCyOTRfVapWGhlcZyCRysDoumjdhZgjJwNsNJkTcLyXyRFuzfFpOdaJTHNjIPUSFlQIJczrjuehZedbyPuEHkYumsyNwxVKowuSrExXOuFJxeEElZrYwpzQAnorkMhiVmLQaLmYXUSYIwOIAFlgpVxxMXBoiRBcCgxXVcXGxOokofYoGnJUfKDmyyiTgWbPRTRazQBWpcevVfhuQcVNuByiwkiNQsPMGI', 'dwJvDnKUSQbrOOMWQoWzjqeeeMMGPOxcuIVYJRVqWzQqdJAtXMWUwoqIurEvlMiUKZHGoXdAwfGPvsXZgxwqweyHhOdTpfWUlnwtcdyVjIcTtaKFUCDaXqusEqYlSAVMfefBfwWjwRcagzGriqeQOkPOoOeOhWnBvFgLZNnENipoCeueYLbktKLaztrRiJigtmXiFciUZFKoTNMhYhJhquRTWQEPbQFJIlzvBXqluHgrJeIIthgkcMAIuzDRxAp', 'XFDrRgiXKPPBZKLgKmoVHlFXsJvQIheJtnWtISkyYlxArDJIqdPzjZCFKolqSRRRqZiOOfCkwcbGRrBweBOYsKEamTfeiEuULzcNIOkbiZuplIVlXYIFbgVIjpnrypjLlOeRfmKgoOBlhMxsQeBTDPTaNGPwNPlNrUudMgojclJGbVarcCZBHGWWeGRPWuYNaytDtRLpZCaUHiPpAVvDEWRBkKRIiuzAoSXFtbHsmtaYVwNxlkpVWQAvfePuxrt', 237, 134), (140, 'cTtzYqqyvhpJZtzvAKHyJFCvXaeeNwUijUfnoCHCICxbRQkBgrKlTXUWhrEtadgruNaaNjsQpKdhyrejmRaTOWXbxjwvHxgybWwwCmwbEoPuwwRAoTNlwlqxIzFETQGZhsNIXGuESQmPlUnYQJFmWwmYFuNFOVvsosGBdAoxOYIvGCknlfSLAjeiXwwTdXtHySwVrVRpLGgoisourYKclmypYVkXaEJbympWNBUSgoDVXpXoOpjGGZmtcuxSlCG', 'mPPMHluSsVlPLigdOEaJkkSXHJrMFLBDFSgJgbAIgeeBNzYMEaLjpzOQawQOsZFfOZuyJshDscwutgYBaVITsahzEHtYoBtKeiaMJfcdFXKztSJmriKySEMmyVodUbCdDZXFXuGPMbwKbMiuFQeBWQatFrSCrxgtyCTPyuGmrsjdHEqWRbVHoGkXELvyUdlAImJgujNeftdelyqzboHbfsZzyTgUcmullBZSJDxgrPUcKlxLLJCUinmbpxzahrJ', 'JQGfAfEkckGqdBkipnwupijRbQQOPNspeYMJtGzfHEYQnWUrmwLBIpTNGANeAEdnWONVKnOgUAVlLcNUVnpRPJmFKQeDAMvjVUCIzzCicWAaTIPlYtHMdZfYQYlGRKMvBvblffRYAqVnCarHCcNcPBmEEPYeeMIIgafjKKUBpKtSiXJeiVDgjrmpvUNRxIVkHOxFOvgprWKcmXlCKQGMWxqCcPPbKsiscJbQYdeylzUBtBVgBDChfucbPtEkcja', 241, 136); 

INSERT INTO `Alternative` (`idAlternative`, `description`, `idCreator`, `idDesignDecision`) VALUES (131, 'cuAkiQYiiFuVhamrkBeWQhMncCOgWtaMnFrXVUmtxLQllbsJkSjYXNcOYHcgFDTrCCLmzvisSUWQIZYgTEIPXHkBgFAMxwzTsMrgjBiZsSTTAXJTLriDLXENqNnnURHszWQqPpusQKfiPXhbGdDOrPjlzrdALzEYqhsDbcvagRaIQgDkMGckjsHqSapRQuvkKBDIxYhoEhzVzQyQvsCmiCQKypFSLJwCQaHcXovuWtAQZzkueYRvAqPemtCCgLa', 246, 139), (132, 'KvUqKalCJfLMSjHtbBFtvYNgUJlCdZVlrAFHIbIYdItycueoMRJrVimHKCrOLhXEDZliGjrDuddhXXSroDEpKQpHHrMuKbYklyOzoebOaWCrRSpruhjVjWrFhRemrVaixvMFGsNtpztNKGTghHjmZoMjPynQalYYYQyFDXfaVWLLRcAfVzuiSljwverIwVcYnChryRGGCtBXuhXIVDAffOeTWiAIMWIjDNnQkgTvUQkSQSIkoofenWqpVqHLOEc', 240, 135), (133, 'WvlZlBJZhmDqFMOfQqPhWqxxAbbOcDgytJNGlKDCwjHuwxwDFXcDfAhOfSwSUAKQzdADRvyPivWirMHojucQKhosawlNQXtnBYRPWbxUWgVmtMUIJkYMklOyXWOOlnnJMgNjMZMCVSicfdfnjvxuzLvVMqukFBzBwtgvhkGaqqYhZvuwcPMoZIEiZfBKukFgByJJalWEgfccWtZjkPzyofeAisWtsGlZkfZGYCGRVUHSuztCbwutwRRvwZnupCp', 247, 131), (134, 'sxIQCiNbsuBqtfmGMdRcsjuxrbuOkxjLmhaMvEfszSiTxOvQRrMxwiXNTVSueJMYwKSZENieqnAYBcZhmskPUISGywSgAyrkIzuLYPTJtvwnAMvPvKxmCiZPkpHOPNgydSwozIkTirysFHETmPPoyMiYvcljCbhcTWRJFXdfAqpaEChtQljJVqnSyEeggJuCwHfGdKeSXIUjqXDVvrZsXPwyTwLPPKZVqhDHazdCnUauQFqapMaGIQzOwGizPnX', 241, 133), (135, 'oqGcNcOGQyzcLHalOWiJHzbmvsevnIgHRASbyqDHxlbboCssxUqulZrjneKXvLwPlfVlARDUJRLAlnWvLNHQPQEvANQbxbSgiYjPojSKgnHxYEQsvQNAiHpLxJwYZujhcqttWobLVQXttlCPZeTxmagJaGkQndiTkXYjhKjKzZoaDAjNWYZYEyGmRHLyPfAPUiQBxHgoCzBDoBXzXecPcgaHpvnlJsYjzcxarGIqvePDNJJJtqEqndBIobSUQZy', 244, 140), (136, 'gSZQFluvqALhDEBchyKyWRwUbwiUIimWmLnrEVQvubhHVxDscnhushxLTmBTvuHefdovIeVfKZlLzPqRGlKEiqUEKjtFwGcrhSoTsJbgUDlxyeDfPkiVZtKtDybvTIgWDRquIPfLKyXkGkAjrXftbFCItacuZHdHnBsbJPZZOMAOqYVEdmnEHisZHPQaegJFdolPXJIaFDDpTAOwwYzazWgAofYLmaLEeOgkOpAkMtKHFHLdPOuBRpVpOKZdOPQ', 238, 134), (137, 'BoQWFezxoLojavtYIOOFhLNhheaSCACLmpMRKxBoSrVoMhrrklKhtzRTppRfKeBVvPaydblYamxKnCJGBsicqhmGxoZGkkGpxiXxpgfqcEmYDfRbsddmvZrdvvZfMvlSYrKgmikXFAlLUDLMMlAOlMXaiTSjHrqexmCdFGWDjxPqncEbLBcTUsXouguDGdOOKERcITTNJgMYJkmnrqTqksPRkBFwKrPLoSHMqOLlehGBukLnQZTFoabEWtsBAwT', 242, 137), (138, 'KJsDXFuaaAMCpIzdESEBRjChebEpkJmqJPNgTubObcaCYKzgSHfdrnlOAgOskryxSYCOiSNiyUOehkiCRgXgbOlnNleNNImCzUtJVKWfpycAVkixNeefnMYkiVROTfWyUgTnfUHEWOAfwKybOYcznwzLgavryhplbFtczQBxwtligpviCqhqrIdiDwyhskKhqUejcRrUDdoldaQHhwLjDQhjCLtgxEypWUGxLzxtjBVizbEWaOXzOTYkIuJrPNB', 239, 136), (139, 'DqXONqradyCtJJwHWqXffvegxycQduGkMvhToGQsKkHnzHLHxAGKMITDRaHIIfNpqBMAUdoBqGYyhZZGvxpNKXbKYtJFApzGxBHAllTxIsIQwKRzCygTnumXrcyEpTmTNtskmYklKDMLlAbdcyBKEezzecOmqEKWqkqzlleQaDSOCZsmoRPIAQpArJaFhAmqrRZtJAmsvWNaWdrBqnFkoRgVNMUYitXlgTidQOVwMsPwcDFGiUSXawkEdSoyhLX', 243, 138), (140, 'jolJxLUhKZyzxoWbmrxuDZqfpcQhMNzmKGxLglmPIUnmPgHkUmmZnQOdlJqjvSfpnhRHOIDKuEdIxVeJwaJHkYzApRCbRwkbbaqhxSmtvIksabgQQaKdPqEIadcRQlgHiSxqnDrwxticmXzwCrZqvvryZlwuuZekVnOkCwgFGZmWhGJXOAqAexFtoGjAxbDPCxwpqliLFdssFOBnwUBrVKAyCBXyaBeWCkBtbWxnrvMCdeFzDkFYfyJrLUVltlf', 245, 132);

INSERT INTO `RelationType` (`idRelationType`, `type`) VALUES (132, 'CrpMlTGqJtYoLPccDpkuZeHphsMrGZVkglsMvmZHpKCBIAMamlakLSdqGjlRBsObkPNEuvjjCsLgbyoLQiyXeTFSsXRDVnaFhBpQaMSltvySnzyJpfVevvFwFgRRzycwQDsAGANIlyXDOOXdGKgdXUvfndkypESExaAGewxDHtqWtfxgbWSPNNWIMwcomdkdjvvbCFMWQqdpVsDtIuZrwLjAgYXWEXCIpgxSnsACwWcKOwZYXpDdBDuqjcIbIdY'), (133, 'KxeLFOvmwSJsbTXdGpSObRGipTzfnOTjvtUxfBnCATZzDBDMsRmqsBMaukQSGEIDYvrbqyyPmBJmJksFNDQPeyrKrIuRGypzDxqeMmKKGrmzOqDSjGUbdvuAAvsfBDDukgZiUlWrBpCqdXOrxYDEXaBvWcncfrysWNJIQsPmXYAItBitRudOyWqMmkwlBolRiiCjXUNJCeIGnxCHoNQcOWzaCoxgKSuEcmrgPjCgYEBWoBjKCfHVQffSPucqZfL'), (131, 'lnczIgGrzhQVXODptUKdcJItlsquHRBcfHfOfxuNYPhvptnisAnQfetOmufuadUslGEiyFATuIbCISNYevCgNfCaqFDZwuAdQSghGUDectyoYNhsPeIztXusApOHruxXMnumENrYnwPQgPPbFgFmQqiCzqMCNBJfiSNVoPywCTPdSEzSwczFNBlKIkQIpqozauVhhRHrlvFVvoYpzpkyQBCjBWkxOiYsEIBIFxnikkyFzvVXVdGWoTeoTLGnyuH'), (135, 'QBqnqiNvAxrrMjRdydIShWbQfWcacqGnpIzVwMfVXiBlXvyvoffgbMCctpSdXyBSzIkxYuUNnKEVopnzhmPXlZHwcStRVccKeJOPynmGgumXtctLjhtlnqkrdfHHJqPwFhtQjwXJKzKseCAArYsWfkwKoRMuLHgHKZKTxIHxSjDuDwUhqNUnIkYgfLvBryPDoOsmXZodjEtqGQLAycVEtaoULnRLdplUZvFvMXifWtczuYYRSvszLajYwvzbIOn'), (138, 'RTScqpZAOJFNlSDpfYJmrxDxNgUFlnzZgDDukyzVXeJAGPSTnjSjTdiKHirRiHlyrqpLlAdyPjzpZvZAIDYSNZpvIWQjUKnAHCojZHyzBpFzkkEeslOxwklzJDlcALKarHMyahCcEkdKyThCZMdKpOZBifEpoYnHnhFlpnhuDUeteZFdzMwshpnlryVZeNRRrGoOvszJkQZewMaWIjSSrdpsBuaAhomOMsPbazbIhlJemPgbGrBRPAhYkVeSLKa'), (140, 'RvOCXBuQgsoXOZOPAQpnJdRaxgLmunhIUzNAQcVKGOvsybPHYIiHuJcXHRTIyWjqOpuqlIyHfcEDhRZYHgjATIFLnMceWRImHxcfttIrUMIdaeyUqfZkxzoveawIqIJPtuZAPMLtrXxaGXyUaxxlQdNQQIaeNxFCtRODlDMMpsCIzXKZaSIVDTCemtLDteciFrwwNNIoINJCKijEjkAvXXOZEtgxyBKDYuokPlUeSyoWUozrxAxdFEyiNiQPHlI'), (134, 'saGquhJrGenyhkplseFIOHHTDVNvpYVMgmDBeielTAxLOlUTXrrMvkVTytJcYtKWQQcbouUBjSVJvVbVzZKQouFayuTwgoyaBolFFTqjZxXUtfKRodHaQDhIztlbDXqJReIaHZwNvNenrLNgyBjCPFOLdiXxUvxoOPXyDKzFILdnKzWXKQdhHQqawjIwQWEKzdxQsXcEKqqYPbKAMolCXoeZdkgYqxUNOkxrNFLfRopakNCUJkFOJKitiXjTXcg'), (139, 'TNGhDUrEfRVoMctqkcPAZUoRkZEWIqcxmRWDKfedBCWOStPHrpGiyETlGVmVcCTgxoDYOjAtvxdEGidUYTSXXdajpzqQnzgrNlDZJFLmaqbmqmnPzybIBPrjdlJAcqNGwMrOUjxUhqOZcagBmYkKTFAZenrMpgKUJPdWzbaOWKmoUzZKkDWEONDuFwBeZHiIjewURVcQicsXuHkafXOxEDemDdkJMoykwAfUYJiETPWiTBAxyLMeisGZxmaobTQ'), (136, 'UHnruFRqywsXZVjCsatDTrMtGKrmbAeePMRuXieOfrEitHCbitTuvrstsxPuANdRPKDanryuhGLFtfzTfbUAdzfbNGAiEUGzmXPolHMmzIOMGwxMuqBMBwAkMNTEMJZGIjovAaNGKtzzUFyAgZwXJNsLPUjVaUEPmzRHdNUKKtDnWcxNJzGWCvMZasxHtvbnSSzqeDbnLTnymzgFSRyVUOkWIVmxPsnFDirSHWLLEWuGeRHjRXGhEQBNcpcvgVG'), (137, 'vaRsRFQQQoXPUSNMjEBSgoMIzSktFKfWBBTqOMnOwBsKsUhOIpeHZBoOZqqmnLBfcAVGvYfurmWqOnjtfJdoMzvXQvDVLPzFnYmfRNtRmyhnrxnCUwWQrbLVdOIywXSUyTzkdqKPSuhUaoOsUCZDChdQCsgAEzUDQItFQOrrScWfMTUzOoCMkXByugJcobnwZIaGSixODWVGSeXutxLoVMRunyBpseGhEdlBbelHeNVDYdVDxBswxBRyothKTVb');

INSERT INTO `ShareHolder` (`idShareHolder`, `idDesignDecision`, `idUser`) VALUES (133, 131, 247), (140, 132, 245), (134, 133, 241), (136, 134, 238), (132, 135, 240), (138, 136, 239), (137, 137, 242), (139, 138, 243), (131, 139, 246), (135, 140, 244);

INSERT INTO `AlternativeRanking` (`idAlternativeRanking`, `rank`, `idAlternative`, `idRanker`) VALUES (131, 1902829553, 136, 136), (132, 427366685, 138, 138), (133, 70673326, 132, 132), (134, 1288707812, 134, 134), (135, 1809273362, 137, 137), (136, 1133854052, 139, 139), (137, 453282363, 135, 135), (138, 1475925496, 140, 140), (139, 1046776458, 131, 131), (140, 1982315830, 133, 133);

INSERT INTO `AlternativeRelation` (`idAlternativeRelation`, `idAlternativeFrom`, `idAlternativeTo`, `idRelationType`) VALUES (139, 131, 131, 136), (133, 132, 132, 131), (140, 133, 133, 137), (134, 134, 134, 135), (137, 135, 135, 134), (131, 136, 136, 132), (135, 137, 137, 138), (132, 138, 138, 133), (136, 139, 139, 140), (138, 140, 140, 139);

INSERT INTO `DesignDecisionRating` (`idDesignDecisionRating`, `rating`, `idDesignDecision`, `idRater`) VALUES (131, 1541494689, 139, 136), (132, 1472595065, 135, 138), (133, 95845667, 131, 132), (134, 376522398, 133, 134), (135, 637828295, 140, 137), (136, 2078752900, 134, 139), (137, 522088880, 137, 135), (138, 1400203415, 136, 140), (139, 1097946092, 138, 131), (140, 1941943385, 132, 133);

INSERT INTO `Comment` (`idComment`, `date`, `text`, `idAlternative`, `idCreator`, `idDesignDecision`, `idDesignDecisionRating`, `idIssue`, `idParentComment`) VALUES (11, '2014-11-08 00:00:00', 'NEBCrXNybHwdphOoUDAqxIDsjMxVNAYptrnfjTzxpPWcGJEHJorJQgjVrqnkjgDIkmaiFYHwznMNhTLITqNwOkZLmoeNdaILSPkmxMpGjefwJFelTJSflDApQgqTrsDuwGiFcrnYGcgRueSCCquyXtrSlAYUAbbTArpShsdHLDwUuiCEHaarEGsDicnitScarfFEuHjvfTqPyIwDfrfCANSLFxJAdRdkWLOkxyeiTruKZWeKirMfssWvXgzQSyf', 136, 240, null, null, null, null), (12, '2014-11-07 00:00:00', 'IUthrXpuaawFlccmuMYNTsVcwlMGJAMdorsWAwfYznuedCMzpzXaRSOgDZSMPEeBtkZZoypSEdCqMDOxnFgGEOOywMtSWvidZFZmoknjHEvNioaEEKAXKdzgAaUOdUVweSySNMJtTnbNuFvOWJCjqYXTYKHQwQyAyprVDBUEdfYGHGKvXEYveenSWinuhwpAUGnlPXtMeTFvHNTlklnkyszWnSzRgkCmAEFDgkYBhTqiZUwtvpiCxafZzYPxSee', null, 240, null, null, null, null), (13, '2014-11-10 00:00:00', 'qhOuWiDWLJerFALzNVwWECQjiPscVBzfZFryAWKvyGDbhTWqHJfvFCtCeWIREyYGXClchNIXYcHRDkgeMdowwaQIcsBBBFmJvGPLfghUztThEjKVlnOqLuUFPntibaiFAraBHTOuHjqntYxAiPUBvgXJQPOYFwLkgAIngpMKveHZgdREsJbNFwBKLsYFCYaNjCiHCnbBtvhkELBtTWiuhNswXRQbXHiGGNWbcuczwOnAXzeXlxqSfBjGOAMZcdW', null, 240, 131, null, null, null), (14, '2014-11-09 00:00:00', 'FUitGkKJrNlALZgQiDWNyraGIaKadZAaSTQIbWLMuNGTtEmyqEurtIhQKUqpWzfnsrBflOxjhJEHlipPERcUkwJdAPXYPmXkOKcSMDgYRLgtZWeNlVJNcSImfGwwVkXVgQtffgIjADcNcvEbjGRMkSBPbvQwahGwCFtBbasuQmFxetXnwtbngDucoKgPoSObiqKDONgzoyjYpLdmQHKLrfFEAZTVNfzSeBhCZYbVbGSrXNNCQLvgjXismvVeETF', null, 240, null, 136, null, null), (15, '2014-11-09 00:00:00', 'xWPVPjrvaeQgydwIEJPYiCCuXmOrUKrwfBffBEuIepjUIKaaEoKQRxQWZZEkeSSjdwlQMlZaHnrCiEfAjCYlwKHLwKuSEvSCXuOLmtrmpVZROQkkDPuMrAAHqhnAdeiVZugCNSJLQQZsNoIYpfGSASlnnOARgMICWswAqEJlmcMZPfAaGWmnMmWzXTDTwvCCmRNHzkUIlXMeYQhWbxGGScBVJQugaMhFRceeEqXMNbnhZKILLvZJtZqUPlDment', null, 240, null, null, 140, null), (16, '2014-11-09 00:00:00', 'bTLgjDzunRtcMcpaccwSyQoqXsYTlNRrmAAwFiueyVSZHaMfkpFZzSLsrwfAXsoArOndcAXNEdyQboAXWiNCeJhrCvUtDScHFCmxJZByyYBpCfgPSzMGjDFTJBcuwLNvsJEseCxaydOzhFjZSFuhkDYsyninffnAjHIyoxBqvdpyAagMyuHopujAAoLwskWRKahLvtHQdeIQWZkugvUpExTdXhEADurPMrlPcDcWUSsnzbtzIxJyRCfEOMMwbma', null, 240, null, null, null, 16), (17, '2014-11-09 00:00:00', 'TEdgIqLqIUlsExHobEvNnzLvpGeIXhgXYFVhwndvYolYpKXjgZPslyAFnqJExyeuadAOIGjEZjYXvSTDapWreTNKyvmoSTGZQKssETOjXiPWNEnPgexJUTNLbkkBDbmUZxvTtegtOAjDsyCtRkisIFjKpKeZrAixTscwMTfxAmJvthDaalFelEtOXwCZfrMUHtggWWOqhwBDaCgBOdXrLLDsWUTdYBelPWLbpSuhaGOvUDnnOGfcWMKxdePLkez', null, 240, null, null, null, 16), (18, '2014-11-10 00:00:00', 'ziriOeCcYpJfzqxDMigVjGSgmGjeycNXyHQeyuqPYqMotDiTworwGcFeWdbfLmKLnvZavviwKMEhcbDLTEkJaVJpRJEpAmWmjSpnOOHHcDPMvHxqysLsxjpekDtPqFDLsrloqSdBjRWmXOypcrMIgyiGMZYleQHsHunVXNTdjGJsOBNLRjQfzftNECDKgebBMebXooPbPPyuVNGuknipOdKmzNtUiBCSIfKKRayNQgXQWUxKirnYiALhTTRMhDB', null, 240, null, null, null, 17), (19, '2014-11-07 00:00:00', 'qTBLTZPghOKiUcvbuFQfqlZPMYOoUeWXlAChPHqkewLzPygUWvRbfnIlzFAefGYqKBuPjjzFFtBHNCdjBgLgIMVKbFgxjeKsCFkfJCJajZipDFxiVYGgfNJqRFSQAaJUjjGZnRpCzWqRjfWSIJtKxCYyWiFsUncPxhnuBEQPpnmoXldlKuzxcaLSDLrMwxoDUoOcEwIUZkwaVDUUnfpNewdsJolAgqPLDazISmbDgiaUykzcTObMbulfseLqRZV', 131, 240, null, null, null, null), (20, '2014-11-12 00:00:00', 'uuaiHgUHqULZfiFfdBijJrhajaUOEJgKiYuVUhFxMEUQZIeYeGxTgDhzqkMyIFVxUETJgtsPAjXEYUchxyIQjlhMpdzXHalNwAbjUGMCPftSoWBKTlyWKJLUrBOCcxBruGXyExXldqyxikyWSKXPzTnxJxGHxhfRqCTLMcTevHXQHfxgYufGCjImUORsPFuzSdiWRxHEUtQclGYxaEsGjwmDXyIsbQmmFfSJspulfUuRMlYNKIiwfBmrIZTTNEY', null, 240, null, null, null, null);  

INSERT INTO `File` (`idFile`, `pathToFile`, `idAlternative`, `idDesignDecision`, `idIssue`) VALUES (11, 'WxqCIHOSrrsdoTlmLYVgXfCzyMnjhjGWUtkYjAksNylQfqcngqcvbXODZMBlhIRgrXcRfDcJJSeMtQaXiSZFdSdMgAcwPLuTboUhApXDtEydEYptWeZAUenvooevEqEBPQstecshtWBfvEAlQtiFBOAafUbAYSyMKIXXIQTjWdKQxtvTrybduqlaixPgTTFzEBkfLHdVcHqmBlZRyjHdzBxlrIXGGXxnMFUiqaUnxXAnqTgpgyAHkdDMaMfVHxd', 136, null, null), (12, 'nzmMvYcNguNpeUSUXsTXOMhwmsDTbKBzxUWERboQqDHyGTgESEpueJpAYHPpAqBJqhJVaMeZObBjYIJHXgiAPigOGcigelqDEtfczjvwBmwnWPBZySGRULvTDLCUICuYurfALZOqgiGxQzQrerBDnKwKJvWAemLlsLwgDVbwXVntroDpNCybusxmbgerWcJXpDDGHvlngPWyDtobelufHMOJOfZvderxZtJLwpvaOqGpKIQXEoitzJoOUDKCVlv', null, 135, null), (13, 'sPfZFmsqztWIFMdZcBEaEsxiNehzPQWSFnFpjJtCfYhTaFoUnSnLFtaHGJkFivUXVmBmlEzhkAvoyUKhZlfyKSiOUMOYZhxwwdcLtPMUMpgTOYkQalGGBOoumIHdtGBayMOsjBQWRkJkiRrnCVXBCzPMgtGsUBAHIRKRMsTuAOrUzROkUiujGpUrOtFvMsQPMeFDYuAMYUAIGMaPNHZJyQImJfHyZYoieCwKuaDoPBnSklnmduBtYddCJgvubnx', null, null, 135), (14, 'PBFIBsBUjxAxsjVsuRDTVcizCzhxCeSdRLheDjiqOUkOLllhSzzzUQmVTBBhXPirwVikCQneLtoLNSWyybMDhTBAOyBVppFyWwlUTspxYHUAqytXoDtvlEWqoZjKJfnnepeLoNCYgeJzYJiaPBgAdaLBsREyoZlMarVwTpOKhdUvjjeuSbfucghmZiRnNhnEsfRHzjCXHZTBCjMzmsPjtUtDbzJDhaRSOJiqvobDPJxKPaxHbDYcMDJhRXykFlz', 134, null, null), (15, 'ORibYwAivgFMPYxgnmvBmyNEDuPruMOgJUQXuwtyVfVdtJKvlJMOpCuSokpGpvdpIizVJTrVUjgKNfUNfuoyPHntQEQnOSKHeQDYHTGtgqDQKclgFbPahawBDiLcbqLjvhxyhEulfSdCTHxMHjbHULCPqNraVoRJKUQesNdHnsMfwhflAuiPLZrOvdtqNCBfUmeQCUJNCVJAgDCJkrffSmfaEczFmCtlfawbCOrKGHgcYmjNiNflwfIwkSbqLrr', null, 140, null), (16, 'yUkMxUmIdWabSxpDreaiTtHRmEAtzldnSCrfnsvKNFKArqLdhEfPlYbYArRlLcPDpSPdbWggmIQEFORupYwJvetzYLtUTWAiiHOsvMcfIZNptZNxarvjhJIwXMiwJsBFgXEPuokvdoJBzPPqBLBUseJaLzzDPaQJiTahYYkfPivsTkqbanbgOJxxKBZRcsrEDgUekaBqjxeoYCBJJxzaqNdpRlTzgEBLrNkRtygJlTUKbbnJHEUljesYZdhogBj', null, null, 142), (17, 'ThNfmgivikkSdupxoIpPyQJEIPgJwfxaPHicqKfkGkaryrcYhgndDVBwvKIzHFNstNnfwGrSnTreaXjauzJPSbKtUfXHbWfHoCTHEhgbAYIgQigJkKdAzcxxWpvPfUALUcKNBdZgkHtxTSOBPJmsPSVqbLKiGnhhSNaLCKuNfbmroetQWsiSssAUKNCkOLGCMtWKzUmGQtkgrZGUEsTTBhlJQwxIRuQBcRsSwAmvSUZxFZhUjggYZsxYcZTFBCW', 135, null, null), (18, 'EXfsWZneJYqCicHVgUrzeoYLJEMyvLIGdWsIVhevLBYeGEStRsXBuiJYDPvsAcsTkWIYLRvkDRjMNxFnnyGOJODXbAyUsETjkZDeheYrRouEmRLWptxVaowEmHKEMeKJtGYuaXVxPMrkEfxjkuFgKKZfymlWnEHdpnNgdcJwjNBtEeoyYzvlcVUPmVZRuSixjsTpfrhYpFKAYYxdnIxbarIZYWiralhQxFNxRxxhmtVnIViITtQbfnmHHIOYyCe', null, 136, null), (19, 'WzgGJKITsOLSgIrktCwoMuAyoJfVXDuifOxCNLfMLyfKDnURtaNSUJMzjngFDBdRBRdeBgMMNFTdVHNdrAsmlZWQeIRxAADPVqbQRByfsQETjqrltXZicqOXtflSuVLsjpsfKfJkXemtDjjlAJxWWIwzKQZcgwNjhadNIILgmoMdhpvVrlMDtqenYNFnLhnjsjcsUzAaDAUuIrEUCjyTbKjlGwEnURqDOSoGCiwuaxPopVpsSnkDMGOQMZCKcyk', null, null, 134), (20, 'ESaRkWddZtQOqcwgyDFmfJHjwZPbUzYNuEHQLjOcVFCapOlLDvxxrXlmaDsdTHaAhGtkrRCLksMuoZpnLUxEFQoeCyzrdvFmAruTqzSvyqhhPGCZHcNBQAFSJRktoAMfFDjtcyxcAGWuwdvmLXhabmkTWBUPGuyeORXXBskhyxTRRZfRyMlXVYFVpFPCVfHizNfGSPWUzcMmXtuqEHNhPZdzNdyeovMQfgiNdUUbwZJxDUvXAjzxvzsYtilQCRJ', 133, null, null); 

INSERT INTO `IssueRelation` (`idIssueRelation`, `idIssueFrom`, `idIssueTo`, `idRelationType`) VALUES (19, 134, 134, 136), (13, 135, 135, 131), (20, 136, 136, 137), (14, 137, 137, 135), (17, 138, 138, 134), (11, 139, 139, 132), (15, 140, 140, 138), (12, 141, 141, 133), (16, 142, 142, 140), (18, 143, 143, 139);

INSERT INTO `Tag` (`idTag`, `name`) VALUES (9, 'BNwfqygNeSiHVcBcPBhTSOMmrumjBbDVXjgHbktABqQMFlBkDpjVEAPYlobBCLadApYRdQuXQfvFGshmAknQWOJgllNWfXzAuWsAhQlsorbSfSznKfmsopJWMQBvTibKTlviDkaDWXLBaMptXjbxJCdSwkyNqPutXnKMnDCkcPiuzKlzKAATmLniYUVVtzqMnlPmVjXJzynFYIZdrklvOgpZnnsPZJxhmXWXLhzWtrDAwDKwvxRSIERsBERdOLj'), (4, 'BzRNHqwnwfxvaOcOsmFJXuecmiRziHtEPclRQumKaHBhuYvArqzAcRXHQokAbezNBJWapucsHPQjqQUJiuqNugRIJlJZMOwTunsNqOIjHuflAUijoqorSZiygMyUAPuMcSCZgXyDBBFhybbqRFreLwshLMlvAPMxTpWfsdYpxNJumzhTqJlnSiOjLjNOagaSIAWeHGYsAJTgXmETEeAaFfpDGJdClWHpEiOdmpQXwCSdwjSPyZHOJgwulSxnqYo'), (1, 'dtVjFOKHiIkiapJXuQCdSAwewyYoBsJaeVLSDeRyZLQLzBFlSSqrnIniIFrdIPQamCVJFrMAbJzdbWILCpcGMPrhvUCBuBpMLoTKOvNCwUMlVhbLyTsfpIGVAamvWVGUyOXrACdwomblFmCbRuAHFfBQsNXniLsOJQTVHeJvoKUBmUAaDiXjUxEnuUwzTkLPTzqrmPqlhyUaCLbaHIeRyKbBVXbEhPVelLgXDWPIWAeVWAbYDGFJjdjttQMdXIP'), (2, 'ITpUsAQTrGXocAYLbXupMlaafjjosaWmHpYrNCcCywxlsUhzzjDMrwBHHhbSExNAYshoocfXRxHtBTssdgnrOKYsIfkwvEUYPrLnGwQCWGECENKvJkVQjytYGvYrMAYPKwBjqwdJcpwphVjFoQLbmNfjQIVouyXZJxywBQeBJLJWKFqMZZyHMjFeiwbRlUIKANUKqYXqeOjoBhdaFFcIpQMcsVMtYkIJTOEEWreRqucboBOfxNtoWEGrPpKwQho'), (8, 'mMmcLJwTRinrfvhhiYAGVucPzsjRbKPsWSxmbxarewZMUdglPAwGZUXVcNRapVxbTHoIHZfDKblFMKHGYvxSqtkvResqOFMMCZahclxrLJCNzEhpmEmULbRuiUzwrDCKFddvkZwLeFhVcjUwsXmYoSPoTTOygEbAqQYdIGOadTJQrHNePqryNVqNNLJuimMjrmnxApLRvJeTPWXeDamswkuhXqpquUKSuYykqopYUnksEzkzymXtaJUbMcBtoCe'), (10, 'nfUUzMZNmuLNCRDsYsDHgvTzDjZyrfMnheUuGMYttEGWUysrWpwXdwTZiHlYlrKRVIyVNuHckLUaxtkZLyzDfJYIwZXdtevsvdfqqbzFxCctwPeaGdcOSZDFgwMBYyViXsHLsTunBmMHHGjkOhpSFEoXjtVUMMbFpvbJakzssvlxNnjTNVFwUMeMrIAxYemiFYtNZtLDrJQWvmhCSTkMHaYriczQbPpLQyGLUdsRdXUANxZjLMotPGaAsDFfTYH'), (3, 'nWTovZCPDovdHrZKfujnqedxXmRcXNxENKzLFJdCaROEuYlWYyRWBTqwRjSxhCKrioEjidNPYXKtlMlXFDJzwrsUveyDjgZhlGMhOMMIeMBsTBPTjUldrNiNcydtyDEbAIxlqpYJsrpxlnEIXcvoJgnnwwIBRoFJhJUgDLToFcQqYUjQGIwLsPMCzAWxICtXBxFCZjDXnXiKxEgmCvOnwiTfmtPGnOJChMJMqcwdwfGKjechnfMHplUqHMjKDvq'), (7, 'uhcvWcOVbXNyjkygftcNKLtNmnXPNncQFvBArqQqSKEbvDgcILyGGwRYyUrijcTrQnNArOUphxGkFvgkvuGYtIUwIrXoahXDQMqwfjkTwHohftCqTkFXFtPXEaIymWjCUtjRZpFDnfIndBcrhJImFKVMpAKYDDgNYPJWjbcQXlSDXUZeAVOxefKGAbWnfkJrwxzdTpshXKeaZjAzNHDqmVEONrNQTvppzfFoXciNELwreZRopWdMjhMkhwzcBHw'), (6, 'uZOKXRdlOOrkAkzHiVaznHnFkgEBsBvtqtrDSyktmVjWtQHOWyGyhNHcMZxxzVhzWcmadcLiDMLKQFpDPIMEgldxRVjCyfSmJHPZYuhNdDrapUuVCyiTAQEuNSZggrcXUKOhQWJHWyfCQBuOaevqoiFzITPqBJuTpyPczIOarqHiIcufBxPBovVXRKOeKulWUgumvABLvbbxSYTPcCenjfhbdmmOCsfRSecHJvxqUBCBdDnHdfTMxkPpkeUbXfu'), (5, 'WTvyHXBWiLICNyvfNEgCvOziNFyjCoRcKHKWrbcmjSYszgNqiKdIJNonhxBOWIqyQhFrmyrMENuyqoNBDppOQRlxxlnDyGBdRJnYPyeoprYntHzpHXWvOgMISsfHdAwyiSKnXbcJpzNHfCqlJFoFcHYFIFiZVWOkTpuXtPQxOJMfbuDwmUaJCPBjIrZriSQloNNdgLaDVMMcLGefwIHXjxINQUnanqgbERKkugtBxwlcIVWWaFkWexbcmuSXWBz'); 

INSERT INTO `IssueTag` (`idIssueTag`, `idIssue`, `idTag`) VALUES (3, 135, 1), (4, 137, 2), (7, 138, 3), (2, 141, 4), (10, 136, 5), (9, 134, 6), (8, 143, 7), (5, 140, 8), (1, 139, 9), (6, 142, 10);

INSERT INTO `UserSession` (`id`, `expires`, `idUser`) VALUES ('ATyptqEwyytGQQuCwRSlRZsDZvsSyhTuqmsZPykPOjmnlrBMbcmPkwUnqUWeMnqVwDLPvhqPuzxFyPNbyBBcPzPtIzjXJfqdzseOAWPXOEOHLkrhOxsyGRBcoyAIrrptFuZCSXGqqGMSmHyqoAmfqHZWOZwtQmhhBCXBEWKkGLQDTzdtYpoKrOAdqtxJaWLZgPoKBAnRGYWtugSAProPtHNWefZcQfBBSwoihJMLUlxDTdZKtmTmttFrZMTLFES', '2014-11-12 00:00:00', 243), ('AyPGXVoQYdzDFGdObRCBthhajzQBrGEbPxXMXfWgmrLcAHgHGjuauXjFSjYWXXJDIedXfCrEtsjsuDySXrVpQfhhXHjZdMjklpaMVoYoMplWFhuqKBVZdbgsPTrIIzvFvIxoZlriqRvroZKzfuYEmvYcQngbhsqgyeMglUevCLaxZaWMIPPTxhXthRghWcjFZRgGjgqDKYmQdnBNkhmuVcXbhrWBGBbHNsIlCTFdcCbVDoPXbrgwscyPonRDmsJ', '2014-11-10 00:00:00', 246), ('BBBFgTSTSbhtUZeUeTmEMShqjBLIYJGNtlEZTVjQooZvOrwXQGzhFXTwrjppriWkwvQJLWzVcNpHAtOQkTXkeWIBwIgMcQodvcqVyFngYpWbkHJUSzlwfhVwVsIcRdLrUrnqLHpfyqACPCxGUbZFKvqVFFzkCmXNegGQtEnVikueOdSwPTjdONqIMWkvToccwzUzZYMSUUcKFXAYzsDuDWUJxLFUHInCyFtZvlTplksXdCeuvoiHbvhnnHzwXOC', '2014-11-11 00:00:00', 241), ('bGEYUZNLuKOMjsZLgPpuHluQfETHshhtPbJDGOHnkwqrDiHiaZfcbnEWAczIRGgRxGjTgtpqAAGLyhFoMmytkHcffrhJhtPMtWkqTBtaJJbOPHiDChnZaGrxWIkmJTpSzsiIQkeMEBkVmAwspJIWrMgKuiidRqNutgRrTTUBNZbfackrcnUQaYMrZbCCHqmnRpmXyXoribIZZEFXiZrSSmQSQZSkMFATDgtaeOSMQFiQPCifbBKqxQErXVCtBLy', '2014-11-09 00:00:00', 239), ('iPXoXcATIqmjnnkvEwPkAwXIwsMkVHgZIJrMpCXFHGTdaeIPHFDdAtqQQklehZlzntADmJyYuWjJAGdUYArmWzCvzQzxnqMVPiZzffkaPbehKTCPwpyeWuPIzQujRnygYksLwlrhUpNsIWcbsHNFJMIEiFTYAcqpjtilCXDAPjXjhpNJRGSrxxGQEIJyWDzMpNOwSArIJXDPLiJhMDihuHldDrgtPXbOZiZpQumlmMCmvSvkdDDehAHMQgrwNdQ', '2014-11-10 00:00:00', 242), ('lmoWOmRfXpvzbIiJVtcNAQkJckafgGeyvDcGSBOGfyqwgJPJcqjQbOTgSeTghpYsOLDsDopXvQjqvfWKweSIjjXpYvHklTAbjHEUWlcRJKwXfLGxyVrWMJzbPALSJrazLoaTKIezQnDjjpeibkPqPYZzldMKojSmkoHVOaceVjIoUcBwLgSANzRhfnKVkxjSwpiZyHnvrXdvruqTFSdDjrCsYdIioozmIgAbdYkMmPBxmVgqDquERhODJtYXaXK', '2014-11-12 00:00:00', 238), ('LoVKbryxJPGdHJQBkUSDoEWtwRUTJdZuIkNfkduIWDpUapYGXjUjQyqwwFjcHExynLpVEXeBqoLmkCLWRCjOzlVOfVcyhbzOblhTnlxozJSoMsayGbBCAWXHrRvXMvGEczyUFEvwmUSdyFrbVHZcWkdEeJEOnvoWVEmpewFkTxOqKmoBOSFZZxAumPmjrAEWjZpInIqyXAmnAjNVuVxkttxgnoMIaKwSjEyjSqAKlJqhpSxpFJugMIlHYbOQIPU', '2014-11-11 00:00:00', 245), ('nQBLSmhWlwNIhRGmsFljqGHczAnsevXesbmSYYbiLiIqdjssEkZzQfUedbpCtGZmrjPUGHdGLfWnAEtakWhAgeOTymrfQemFVOToRYoUHuuyLYtrFjwlPktFhTxnsKWmVbdxngiPVTPbGysxashcNGPXTxTdUvinNvLvUQoErxSfqxFCqrjkhWzeuygygfEIytoQOmeRBbMronSTwkSPwfAcRHoShGJwWKbeVsarPQPeZfGgICTPLCmJXtWWkzS', '2014-11-12 00:00:00', 247), ('oQybneqKzyXNPnmrBvJzZnZoNCzemBfFJwPoXafbhDgJSlGcjccQnppfrXsTYDRLwYInopAgsaDXvBfPzsrrknpWTjqBivGSvcHjJVleCbJYWfxdoeGVbSaNiPpyYtVpuYbhLvZqLKEbMISdOHobVxlJUBxRQpTREHiJEFUBLvtPKpujJfLRgPTOBXKTTYMOTNzJUoYabFXHJdddPlSEJvcENepKyCVkgtQACgGiErofSyLomQXTtcWRQWYJQpA', '2014-11-09 00:00:00', 240), ('xWVOGhGkZKvqwmVqVHZScVLPHzvJsBhQqKijALuiQeptIdVBXunSNmPtFgzNriSNepZlOttUbZcyZreKBeQaeJKjzNvBzClNuFWYmuRTplIqhqZBLkejHaltcmayenPVIfXWwfBEicaJKAOFskImRCgcCFuKyHUISixUGRPjsptmlFHpkTWWXcYMfMRGEhkTnpGmUIHXSYbTVjDPSKFTisUuCcEHgWRDVlDVCKQurnWaOMbAaGDzAWSeDbRuMiP', '2014-11-11 00:00:00', 244); 